Airline ID,Operating Airline,Airline Country
1,SkyWest Airlines,Japan
2,Air Canada,Germany
3,Japan Airlines,France
4,"COPA Airlines, Inc.",Japan
5,Hong Kong Airlines Limited,Canada
6,Finnair,Australia
7,WOW Air,France
8,United Airlines,Australia
9,Southwest Airlines,Germany
10,Singapore Airlines,Australia
11,Delta Air Lines,France
12,Compass Airlines,UK
13,Emirates,Japan
14,American Airlines,France
15,Air France,Japan
16,Volaris Airlines,China
17,Korean Air Lines,Germany
18,Virgin Atlantic,Canada
19,Frontier Airlines,Australia
20,Sun Country Airlines,China
21,"Atlas Air, Inc",Japan
22,China Southern,Australia
23,Air Pacific Limited dba Fiji Airways,Japan
24,Jazz Aviation,Japan
25,Swissport USA,France
26,China Eastern,USA
27,Air New Zealand,Japan
28,Qantas Airways,France
29,Aeromexico,Japan
30,TACA,USA
31,EVA Airways,Germany
32,Turkish Airlines,France
33,Lufthansa German Airlines,France
34,Air India Limited,USA
35,China Airlines,Japan
36,Icelandair EHF,Japan
37,Cathay Pacific,Germany
38,Aer Lingus,Germany
39,Iberia,Australia
40,Thomas Cook Airlines,Germany
41,Hawaiian Airlines,USA
42,Philippine Airlines,Germany
43,Alaska Airlines,Japan
44,Redding Aero Enterprises,Germany
45,French Bee,Japan
46,JetBlue Airways,Australia
47,XL Airways France,France
48,KLM Royal Dutch Airlines,Germany
49,Air China,Australia
50,Horizon Air,UK
51,All Nippon Airways,China
52,British Airways,France
53,SAS Airlines,USA
54,WestJet Airlines,China
55,Asiana Airlines,Canada
56,Swiss International,Canada
57,Federal Express,USA
58,Kalitta Air,Japan
59,ABC Aerolineas S.A. de C.V. dba Interjet,Japan
60,Nippon Cargo Airlines,Australia
61,Total Airport Services,UK
62,Virgin America,China
63,Air Berlin,Japan
64,Etihad Airways,Australia
65,Trego Dugan Aviation,China
66,ABX Air,UK
67,Mesa Airlines,Germany
68,Ameriflight,UK
69,US Airways,France
70,Air Cargo Carriers,Canada
71,Miami Air International,USA
72,Republic Airlines,Canada
73,United Parcel Service Co,Japan
74,AirTran Airways,Canada
75,Southern Air,Australia
76,LAN Peru,China
77,Servisair,Japan
78,"Air Transport International, LLC.",France
79,United Airlines - Pre 07/01/2013,China
80,World Airways,France
81,"ASTAR USA, LLC",China
82,Mesaba Airlines,Australia
83,Mexicana Airlines,Germany
84,Astar Air Cargo,China
85,Pacific Aviation,Japan
86,Midwest Airlines,France
87,Northwest Airlines,UK
88,American Eagle Airlines,UK
89,E.A.G.L.E.,Germany
90,Evergreen International Airlines,China
91,China Cargo Airlines,Japan
92,Allegiant Air,France
93,Jet Airways,UK
94,ExpressJet Airlines,Australia
95,BelAir Airlines,USA
96,Cargolux Airlines,Germany
97,ATA Airlines,UK
98,Kitty Hawk Air Cargo,China
99,Spirit Airlines,UK
100,Atlantic Southeast Airlines,France
101,Focus Air,USA
102,Tradewinds Airlines,Japan
103,Icelandair,Australia
104,Air Canada Jazz,UK
105,Xtra Airways,China
106,Independence Air,Germany
107,Boeing Company,Australia
108,Airline_108,China
109,Airline_109,UK
110,Airline_110,Canada
111,Airline_111,Japan
112,Airline_112,China
113,Airline_113,Canada
114,Airline_114,Germany
115,Airline_115,France
116,Airline_116,USA
117,Airline_117,China
118,Airline_118,Japan
119,Airline_119,UK
120,Airline_120,Germany
121,Airline_121,Australia
122,Airline_122,Australia
123,Airline_123,China
124,Airline_124,China
125,Airline_125,China
126,Airline_126,France
127,Airline_127,Australia
128,Airline_128,Germany
129,Airline_129,Germany
130,Airline_130,China
131,Airline_131,Canada
132,Airline_132,France
133,Airline_133,Germany
134,Airline_134,Germany
135,Airline_135,USA
136,Airline_136,Canada
137,Airline_137,France
138,Airline_138,Japan
139,Airline_139,Canada
140,Airline_140,UK
141,Airline_141,France
142,Airline_142,USA
143,Airline_143,Australia
144,Airline_144,USA
145,Airline_145,France
146,Airline_146,Australia
147,Airline_147,Australia
148,Airline_148,Canada
149,Airline_149,Australia
150,Airline_150,Japan
151,Airline_151,USA
152,Airline_152,UK
153,Airline_153,China
154,Airline_154,USA
155,Airline_155,Australia
156,Airline_156,China
157,Airline_157,France
158,Airline_158,Australia
159,Airline_159,Australia
160,Airline_160,Japan
161,Airline_161,USA
162,Airline_162,USA
163,Airline_163,UK
164,Airline_164,UK
165,Airline_165,France
166,Airline_166,China
167,Airline_167,Japan
168,Airline_168,Canada
169,Airline_169,Germany
170,Airline_170,Germany
171,Airline_171,Germany
172,Airline_172,France
173,Airline_173,France
174,Airline_174,USA
175,Airline_175,France
176,Airline_176,France
177,Airline_177,Japan
178,Airline_178,China
179,Airline_179,Japan
180,Airline_180,China
181,Airline_181,Japan
182,Airline_182,France
183,Airline_183,Japan
184,Airline_184,France
185,Airline_185,UK
186,Airline_186,USA
187,Airline_187,China
188,Airline_188,UK
189,Airline_189,UK
190,Airline_190,USA
191,Airline_191,China
192,Airline_192,Canada
193,Airline_193,Australia
194,Airline_194,France
195,Airline_195,UK
196,Airline_196,Australia
197,Airline_197,France
198,Airline_198,Canada
199,Airline_199,China
200,Airline_200,China
201,Airline_201,China
202,Airline_202,USA
203,Airline_203,Australia
204,Airline_204,China
205,Airline_205,Canada
206,Airline_206,France
207,Airline_207,USA
208,Airline_208,Australia
209,Airline_209,Germany
210,Airline_210,UK
211,Airline_211,Japan
212,Airline_212,Germany
213,Airline_213,USA
214,Airline_214,Germany
215,Airline_215,Germany
216,Airline_216,China
217,Airline_217,Canada
218,Airline_218,China
219,Airline_219,Canada
220,Airline_220,China
221,Airline_221,Australia
222,Airline_222,Canada
223,Airline_223,UK
224,Airline_224,Canada
225,Airline_225,USA
226,Airline_226,China
227,Airline_227,USA
228,Airline_228,UK
229,Airline_229,Japan
230,Airline_230,Germany
231,Airline_231,UK
232,Airline_232,USA
233,Airline_233,China
234,Airline_234,Canada
235,Airline_235,UK
236,Airline_236,Germany
237,Airline_237,Australia
238,Airline_238,UK
239,Airline_239,Germany
240,Airline_240,UK
241,Airline_241,Canada
242,Airline_242,Australia
243,Airline_243,Germany
244,Airline_244,China
245,Airline_245,USA
246,Airline_246,China
247,Airline_247,Germany
248,Airline_248,France
249,Airline_249,UK
250,Airline_250,UK
251,Airline_251,Australia
252,Airline_252,UK
253,Airline_253,USA
254,Airline_254,France
255,Airline_255,USA
256,Airline_256,France
257,Airline_257,USA
258,Airline_258,Australia
259,Airline_259,UK
260,Airline_260,Canada
261,Airline_261,Australia
262,Airline_262,Germany
263,Airline_263,Japan
264,Airline_264,UK
265,Airline_265,Canada
266,Airline_266,Germany
267,Airline_267,Australia
268,Airline_268,Japan
269,Airline_269,USA
270,Airline_270,Canada
271,Airline_271,UK
272,Airline_272,France
273,Airline_273,China
274,Airline_274,Japan
275,Airline_275,France
276,Airline_276,Canada
277,Airline_277,China
278,Airline_278,Canada
279,Airline_279,UK
280,Airline_280,China
281,Airline_281,USA
282,Airline_282,Germany
283,Airline_283,France
284,Airline_284,Japan
285,Airline_285,UK
286,Airline_286,Japan
287,Airline_287,China
288,Airline_288,China
289,Airline_289,Germany
290,Airline_290,France
291,Airline_291,China
292,Airline_292,Japan
293,Airline_293,Australia
294,Airline_294,France
295,Airline_295,Australia
296,Airline_296,Germany
297,Airline_297,UK
298,Airline_298,China
299,Airline_299,Germany
300,Airline_300,Japan
301,Airline_301,Canada
302,Airline_302,Germany
303,Airline_303,Canada
304,Airline_304,UK
305,Airline_305,Canada
306,Airline_306,UK
307,Airline_307,Australia
308,Airline_308,USA
309,Airline_309,Japan
310,Airline_310,France
311,Airline_311,China
312,Airline_312,Japan
313,Airline_313,USA
314,Airline_314,Canada
315,Airline_315,China
316,Airline_316,Germany
317,Airline_317,China
318,Airline_318,Japan
319,Airline_319,Australia
320,Airline_320,Canada
321,Airline_321,USA
322,Airline_322,China
323,Airline_323,Australia
324,Airline_324,Japan
325,Airline_325,Canada
326,Airline_326,Australia
327,Airline_327,Canada
328,Airline_328,USA
329,Airline_329,Canada
330,Airline_330,Germany
331,Airline_331,Germany
332,Airline_332,UK
333,Airline_333,Canada
334,Airline_334,Japan
335,Airline_335,UK
336,Airline_336,Australia
337,Airline_337,UK
338,Airline_338,Australia
339,Airline_339,France
340,Airline_340,Germany
341,Airline_341,USA
342,Airline_342,UK
343,Airline_343,Japan
344,Airline_344,Germany
345,Airline_345,USA
346,Airline_346,Australia
347,Airline_347,Australia
348,Airline_348,France
349,Airline_349,Germany
350,Airline_350,Japan
351,Airline_351,China
352,Airline_352,China
353,Airline_353,Canada
354,Airline_354,USA
355,Airline_355,China
356,Airline_356,Germany
357,Airline_357,Japan
358,Airline_358,USA
359,Airline_359,Japan
360,Airline_360,Germany
361,Airline_361,USA
362,Airline_362,UK
363,Airline_363,Germany
364,Airline_364,Japan
365,Airline_365,Japan
366,Airline_366,Canada
367,Airline_367,Japan
368,Airline_368,France
369,Airline_369,Australia
370,Airline_370,Germany
371,Airline_371,Japan
372,Airline_372,Japan
373,Airline_373,Japan
374,Airline_374,Australia
375,Airline_375,France
376,Airline_376,France
377,Airline_377,China
378,Airline_378,China
379,Airline_379,China
380,Airline_380,China
381,Airline_381,Australia
382,Airline_382,Australia
383,Airline_383,Germany
384,Airline_384,Germany
385,Airline_385,USA
386,Airline_386,Germany
387,Airline_387,Australia
388,Airline_388,Germany
389,Airline_389,China
390,Airline_390,USA
391,Airline_391,UK
392,Airline_392,Germany
393,Airline_393,UK
394,Airline_394,UK
395,Airline_395,USA
396,Airline_396,France
397,Airline_397,China
398,Airline_398,China
399,Airline_399,Japan
400,Airline_400,Canada
401,Airline_401,France
402,Airline_402,Germany
403,Airline_403,Germany
404,Airline_404,UK
405,Airline_405,Germany
406,Airline_406,Japan
407,Airline_407,Canada
408,Airline_408,Germany
409,Airline_409,China
410,Airline_410,China
411,Airline_411,Germany
412,Airline_412,Australia
413,Airline_413,Canada
414,Airline_414,Japan
415,Airline_415,China
416,Airline_416,China
417,Airline_417,Australia
418,Airline_418,China
419,Airline_419,USA
420,Airline_420,Australia
421,Airline_421,France
422,Airline_422,China
423,Airline_423,Germany
424,Airline_424,China
425,Airline_425,Australia
426,Airline_426,France
427,Airline_427,UK
428,Airline_428,Japan
429,Airline_429,Germany
430,Airline_430,Germany
431,Airline_431,Japan
432,Airline_432,Canada
433,Airline_433,Germany
434,Airline_434,UK
435,Airline_435,Canada
436,Airline_436,Japan
437,Airline_437,UK
438,Airline_438,USA
439,Airline_439,UK
440,Airline_440,China
441,Airline_441,USA
442,Airline_442,Canada
443,Airline_443,China
444,Airline_444,France
445,Airline_445,Australia
446,Airline_446,UK
447,Airline_447,Australia
448,Airline_448,Australia
449,Airline_449,USA
450,Airline_450,Canada
451,Airline_451,Canada
452,Airline_452,UK
453,Airline_453,France
454,Airline_454,China
455,Airline_455,USA
456,Airline_456,Japan
457,Airline_457,Canada
458,Airline_458,France
459,Airline_459,USA
460,Airline_460,USA
461,Airline_461,Australia
462,Airline_462,France
463,Airline_463,China
464,Airline_464,Canada
465,Airline_465,Germany
466,Airline_466,China
467,Airline_467,Australia
468,Airline_468,Japan
469,Airline_469,China
470,Airline_470,Canada
471,Airline_471,China
472,Airline_472,UK
473,Airline_473,USA
474,Airline_474,Australia
475,Airline_475,Australia
476,Airline_476,Australia
477,Airline_477,USA
478,Airline_478,Japan
479,Airline_479,France
480,Airline_480,Japan
481,Airline_481,USA
482,Airline_482,France
483,Airline_483,Germany
484,Airline_484,Australia
485,Airline_485,France
486,Airline_486,USA
487,Airline_487,USA
488,Airline_488,UK
489,Airline_489,Germany
490,Airline_490,Japan
491,Airline_491,Japan
492,Airline_492,USA
493,Airline_493,UK
494,Airline_494,Australia
495,Airline_495,USA
496,Airline_496,Canada
497,Airline_497,France
498,Airline_498,Australia
499,Airline_499,Germany
500,Airline_500,USA
501,Airline_501,Japan
502,Airline_502,China
503,Airline_503,China
504,Airline_504,USA
505,Airline_505,USA
506,Airline_506,Japan
507,Airline_507,Japan
508,Airline_508,Japan
509,Airline_509,UK
510,Airline_510,China
511,Airline_511,Canada
512,Airline_512,Japan
513,Airline_513,Japan
514,Airline_514,Australia
515,Airline_515,China
516,Airline_516,UK
517,Airline_517,China
518,Airline_518,Germany
519,Airline_519,Japan
520,Airline_520,Germany
521,Airline_521,UK
522,Airline_522,Canada
523,Airline_523,Germany
524,Airline_524,China
525,Airline_525,Japan
526,Airline_526,USA
527,Airline_527,China
528,Airline_528,Germany
529,Airline_529,USA
530,Airline_530,Japan
531,Airline_531,Australia
532,Airline_532,UK
533,Airline_533,China
534,Airline_534,France
535,Airline_535,Japan
536,Airline_536,Germany
537,Airline_537,Australia
538,Airline_538,Canada
539,Airline_539,Canada
540,Airline_540,Japan
541,Airline_541,France
542,Airline_542,Australia
543,Airline_543,Japan
544,Airline_544,France
545,Airline_545,Australia
546,Airline_546,Germany
547,Airline_547,USA
548,Airline_548,Japan
549,Airline_549,Canada
550,Airline_550,UK
551,Airline_551,UK
552,Airline_552,China
553,Airline_553,China
554,Airline_554,Australia
555,Airline_555,Canada
556,Airline_556,UK
557,Airline_557,Japan
558,Airline_558,Australia
559,Airline_559,Australia
560,Airline_560,USA
561,Airline_561,Canada
562,Airline_562,Japan
563,Airline_563,Germany
564,Airline_564,UK
565,Airline_565,China
566,Airline_566,France
567,Airline_567,USA
568,Airline_568,China
569,Airline_569,USA
570,Airline_570,China
571,Airline_571,Canada
572,Airline_572,Canada
573,Airline_573,USA
574,Airline_574,Canada
575,Airline_575,Canada
576,Airline_576,Canada
577,Airline_577,Germany
578,Airline_578,China
579,Airline_579,Canada
580,Airline_580,Germany
581,Airline_581,Australia
582,Airline_582,China
583,Airline_583,France
584,Airline_584,Canada
585,Airline_585,Australia
586,Airline_586,UK
587,Airline_587,UK
588,Airline_588,Canada
589,Airline_589,Canada
590,Airline_590,Australia
591,Airline_591,Germany
592,Airline_592,UK
593,Airline_593,Australia
594,Airline_594,UK
595,Airline_595,UK
596,Airline_596,France
597,Airline_597,France
598,Airline_598,Germany
599,Airline_599,Germany
600,Airline_600,Australia
601,Airline_601,China
602,Airline_602,China
603,Airline_603,Germany
604,Airline_604,USA
605,Airline_605,Japan
606,Airline_606,USA
607,Airline_607,China
608,Airline_608,France
609,Airline_609,USA
610,Airline_610,Australia
611,Airline_611,UK
612,Airline_612,China
613,Airline_613,Germany
614,Airline_614,France
615,Airline_615,USA
616,Airline_616,China
617,Airline_617,Canada
618,Airline_618,Australia
619,Airline_619,USA
620,Airline_620,UK
621,Airline_621,China
622,Airline_622,Australia
623,Airline_623,UK
624,Airline_624,France
625,Airline_625,Germany
626,Airline_626,Japan
627,Airline_627,China
628,Airline_628,Japan
629,Airline_629,Australia
630,Airline_630,Australia
631,Airline_631,Germany
632,Airline_632,USA
633,Airline_633,USA
634,Airline_634,UK
635,Airline_635,USA
636,Airline_636,Australia
637,Airline_637,Japan
638,Airline_638,Australia
639,Airline_639,Japan
640,Airline_640,UK
641,Airline_641,China
642,Airline_642,USA
643,Airline_643,UK
644,Airline_644,Canada
645,Airline_645,France
646,Airline_646,China
647,Airline_647,Germany
648,Airline_648,Australia
649,Airline_649,Japan
650,Airline_650,France
651,Airline_651,Japan
652,Airline_652,France
653,Airline_653,UK
654,Airline_654,Germany
655,Airline_655,USA
656,Airline_656,USA
657,Airline_657,China
658,Airline_658,Canada
659,Airline_659,Japan
660,Airline_660,Australia
661,Airline_661,China
662,Airline_662,China
663,Airline_663,Japan
664,Airline_664,Germany
665,Airline_665,USA
666,Airline_666,Japan
667,Airline_667,Canada
668,Airline_668,Germany
669,Airline_669,USA
670,Airline_670,France
671,Airline_671,Australia
672,Airline_672,France
673,Airline_673,Japan
674,Airline_674,USA
675,Airline_675,Japan
676,Airline_676,USA
677,Airline_677,China
678,Airline_678,Germany
679,Airline_679,UK
680,Airline_680,Germany
681,Airline_681,Canada
682,Airline_682,USA
683,Airline_683,Germany
684,Airline_684,Australia
685,Airline_685,Australia
686,Airline_686,China
687,Airline_687,China
688,Airline_688,France
689,Airline_689,France
690,Airline_690,China
691,Airline_691,Germany
692,Airline_692,Japan
693,Airline_693,France
694,Airline_694,Japan
695,Airline_695,Germany
696,Airline_696,Germany
697,Airline_697,France
698,Airline_698,USA
699,Airline_699,Germany
700,Airline_700,Australia
701,Airline_701,Australia
702,Airline_702,Germany
703,Airline_703,USA
704,Airline_704,France
705,Airline_705,Australia
706,Airline_706,Canada
707,Airline_707,France
708,Airline_708,USA
709,Airline_709,China
710,Airline_710,Japan
711,Airline_711,UK
712,Airline_712,Australia
713,Airline_713,USA
714,Airline_714,UK
715,Airline_715,Germany
716,Airline_716,USA
717,Airline_717,Australia
718,Airline_718,China
719,Airline_719,China
720,Airline_720,Germany
721,Airline_721,USA
722,Airline_722,UK
723,Airline_723,China
724,Airline_724,Japan
725,Airline_725,UK
726,Airline_726,Japan
727,Airline_727,Australia
728,Airline_728,Japan
729,Airline_729,UK
730,Airline_730,Australia
731,Airline_731,France
732,Airline_732,Australia
733,Airline_733,Canada
734,Airline_734,USA
735,Airline_735,Germany
736,Airline_736,Japan
737,Airline_737,UK
738,Airline_738,Canada
739,Airline_739,Australia
740,Airline_740,Australia
741,Airline_741,China
742,Airline_742,Japan
743,Airline_743,Japan
744,Airline_744,Canada
745,Airline_745,Australia
746,Airline_746,Australia
747,Airline_747,Japan
748,Airline_748,France
749,Airline_749,Germany
750,Airline_750,Japan
751,Airline_751,Australia
752,Airline_752,USA
753,Airline_753,Australia
754,Airline_754,Canada
755,Airline_755,Canada
756,Airline_756,USA
757,Airline_757,Australia
758,Airline_758,UK
759,Airline_759,Australia
760,Airline_760,China
761,Airline_761,Canada
762,Airline_762,UK
763,Airline_763,Japan
764,Airline_764,Canada
765,Airline_765,France
766,Airline_766,Canada
767,Airline_767,UK
768,Airline_768,USA
769,Airline_769,UK
770,Airline_770,UK
771,Airline_771,Germany
772,Airline_772,China
773,Airline_773,France
774,Airline_774,Canada
775,Airline_775,Australia
776,Airline_776,Germany
777,Airline_777,France
778,Airline_778,France
779,Airline_779,Germany
780,Airline_780,France
781,Airline_781,France
782,Airline_782,Australia
783,Airline_783,Japan
784,Airline_784,Germany
785,Airline_785,Australia
786,Airline_786,Australia
787,Airline_787,UK
788,Airline_788,UK
789,Airline_789,Australia
790,Airline_790,Canada
791,Airline_791,Australia
792,Airline_792,Australia
793,Airline_793,China
794,Airline_794,Australia
795,Airline_795,USA
796,Airline_796,France
797,Airline_797,USA
798,Airline_798,Japan
799,Airline_799,Canada
800,Airline_800,Japan
801,Airline_801,France
802,Airline_802,China
803,Airline_803,Germany
804,Airline_804,China
805,Airline_805,UK
806,Airline_806,Canada
807,Airline_807,China
808,Airline_808,China
809,Airline_809,Australia
810,Airline_810,UK
811,Airline_811,Japan
812,Airline_812,Germany
813,Airline_813,UK
814,Airline_814,Australia
815,Airline_815,USA
816,Airline_816,UK
817,Airline_817,France
818,Airline_818,Australia
819,Airline_819,China
820,Airline_820,Australia
821,Airline_821,UK
822,Airline_822,Canada
823,Airline_823,UK
824,Airline_824,Germany
825,Airline_825,Australia
826,Airline_826,France
827,Airline_827,France
828,Airline_828,France
829,Airline_829,UK
830,Airline_830,Canada
831,Airline_831,China
832,Airline_832,Japan
833,Airline_833,Japan
834,Airline_834,Germany
835,Airline_835,UK
836,Airline_836,Australia
837,Airline_837,Germany
838,Airline_838,UK
839,Airline_839,Australia
840,Airline_840,France
841,Airline_841,Canada
842,Airline_842,Australia
843,Airline_843,China
844,Airline_844,Canada
845,Airline_845,Australia
846,Airline_846,Australia
847,Airline_847,Japan
848,Airline_848,UK
849,Airline_849,Japan
850,Airline_850,Canada
851,Airline_851,France
852,Airline_852,UK
853,Airline_853,Canada
854,Airline_854,Australia
855,Airline_855,Australia
856,Airline_856,France
857,Airline_857,Germany
858,Airline_858,Australia
859,Airline_859,France
860,Airline_860,UK
861,Airline_861,France
862,Airline_862,USA
863,Airline_863,UK
864,Airline_864,Germany
865,Airline_865,UK
866,Airline_866,Canada
867,Airline_867,Canada
868,Airline_868,Australia
869,Airline_869,China
870,Airline_870,UK
871,Airline_871,China
872,Airline_872,USA
873,Airline_873,France
874,Airline_874,Germany
875,Airline_875,Canada
876,Airline_876,USA
877,Airline_877,Germany
878,Airline_878,UK
879,Airline_879,USA
880,Airline_880,China
881,Airline_881,Australia
882,Airline_882,France
883,Airline_883,USA
884,Airline_884,Japan
885,Airline_885,China
886,Airline_886,USA
887,Airline_887,Germany
888,Airline_888,France
889,Airline_889,Japan
890,Airline_890,France
891,Airline_891,Australia
892,Airline_892,Japan
893,Airline_893,China
894,Airline_894,Australia
895,Airline_895,USA
896,Airline_896,Japan
897,Airline_897,China
898,Airline_898,Australia
899,Airline_899,Canada
900,Airline_900,Canada
901,Airline_901,Canada
902,Airline_902,Japan
903,Airline_903,Germany
904,Airline_904,USA
905,Airline_905,China
906,Airline_906,Australia
907,Airline_907,UK
908,Airline_908,UK
909,Airline_909,Canada
910,Airline_910,Japan
911,Airline_911,China
912,Airline_912,France
913,Airline_913,Japan
914,Airline_914,Japan
915,Airline_915,UK
916,Airline_916,UK
917,Airline_917,China
918,Airline_918,UK
919,Airline_919,UK
920,Airline_920,France
921,Airline_921,Japan
922,Airline_922,China
923,Airline_923,France
924,Airline_924,Canada
925,Airline_925,China
926,Airline_926,UK
927,Airline_927,UK
928,Airline_928,France
929,Airline_929,Germany
930,Airline_930,France
931,Airline_931,USA
932,Airline_932,China
933,Airline_933,France
934,Airline_934,Canada
935,Airline_935,Canada
936,Airline_936,Germany
937,Airline_937,Canada
938,Airline_938,France
939,Airline_939,USA
940,Airline_940,USA
941,Airline_941,UK
942,Airline_942,China
943,Airline_943,UK
944,Airline_944,UK
945,Airline_945,Australia
946,Airline_946,Canada
947,Airline_947,UK
948,Airline_948,Australia
949,Airline_949,Australia
950,Airline_950,China
951,Airline_951,USA
952,Airline_952,France
953,Airline_953,China
954,Airline_954,USA
955,Airline_955,Australia
956,Airline_956,USA
957,Airline_957,Canada
958,Airline_958,Canada
959,Airline_959,China
960,Airline_960,China
961,Airline_961,UK
962,Airline_962,Australia
963,Airline_963,Canada
964,Airline_964,France
965,Airline_965,Australia
966,Airline_966,Germany
967,Airline_967,UK
968,Airline_968,Australia
969,Airline_969,USA
970,Airline_970,Australia
971,Airline_971,Japan
972,Airline_972,China
973,Airline_973,USA
974,Airline_974,Australia
975,Airline_975,France
976,Airline_976,USA
977,Airline_977,France
978,Airline_978,China
979,Airline_979,UK
980,Airline_980,China
981,Airline_981,Germany
982,Airline_982,China
983,Airline_983,Canada
984,Airline_984,France
985,Airline_985,Australia
986,Airline_986,China
987,Airline_987,Australia
988,Airline_988,France
989,Airline_989,China
990,Airline_990,France
991,Airline_991,France
992,Airline_992,Japan
993,Airline_993,China
994,Airline_994,Australia
995,Airline_995,Australia
996,Airline_996,Australia
997,Airline_997,Canada
998,Airline_998,China
999,Airline_999,China
1000,Airline_1000,USA
1001,Airline_1001,UK
1002,Airline_1002,France
1003,Airline_1003,Canada
1004,Airline_1004,Germany
1005,Airline_1005,Germany
1006,Airline_1006,France
1007,Airline_1007,Canada
1008,Airline_1008,Australia
1009,Airline_1009,USA
1010,Airline_1010,USA
1011,Airline_1011,Japan
1012,Airline_1012,Japan
1013,Airline_1013,Australia
1014,Airline_1014,Japan
1015,Airline_1015,USA
1016,Airline_1016,UK
1017,Airline_1017,China
1018,Airline_1018,Japan
1019,Airline_1019,Germany
1020,Airline_1020,UK
1021,Airline_1021,Canada
1022,Airline_1022,Germany
1023,Airline_1023,UK
1024,Airline_1024,Australia
1025,Airline_1025,Australia
1026,Airline_1026,Germany
1027,Airline_1027,USA
1028,Airline_1028,Germany
1029,Airline_1029,Australia
1030,Airline_1030,France
1031,Airline_1031,UK
1032,Airline_1032,Japan
1033,Airline_1033,China
1034,Airline_1034,China
1035,Airline_1035,France
1036,Airline_1036,Australia
1037,Airline_1037,UK
1038,Airline_1038,Germany
1039,Airline_1039,France
1040,Airline_1040,China
1041,Airline_1041,Australia
1042,Airline_1042,Japan
1043,Airline_1043,Japan
1044,Airline_1044,Japan
1045,Airline_1045,USA
1046,Airline_1046,Canada
1047,Airline_1047,China
1048,Airline_1048,Canada
1049,Airline_1049,USA
1050,Airline_1050,UK
1051,Airline_1051,China
1052,Airline_1052,China
1053,Airline_1053,Japan
1054,Airline_1054,France
1055,Airline_1055,France
1056,Airline_1056,Japan
1057,Airline_1057,Canada
1058,Airline_1058,Japan
1059,Airline_1059,Japan
1060,Airline_1060,France
1061,Airline_1061,Canada
1062,Airline_1062,Japan
1063,Airline_1063,UK
1064,Airline_1064,Germany
1065,Airline_1065,Canada
1066,Airline_1066,UK
1067,Airline_1067,France
1068,Airline_1068,Japan
1069,Airline_1069,USA
1070,Airline_1070,China
1071,Airline_1071,Canada
1072,Airline_1072,Japan
1073,Airline_1073,UK
1074,Airline_1074,China
1075,Airline_1075,China
1076,Airline_1076,Australia
1077,Airline_1077,Australia
1078,Airline_1078,Japan
1079,Airline_1079,USA
1080,Airline_1080,Germany
1081,Airline_1081,France
1082,Airline_1082,Japan
1083,Airline_1083,Germany
1084,Airline_1084,Germany
1085,Airline_1085,France
1086,Airline_1086,France
1087,Airline_1087,China
1088,Airline_1088,UK
1089,Airline_1089,USA
1090,Airline_1090,Australia
1091,Airline_1091,China
1092,Airline_1092,Japan
1093,Airline_1093,Australia
1094,Airline_1094,Japan
1095,Airline_1095,USA
1096,Airline_1096,Germany
1097,Airline_1097,China
1098,Airline_1098,Canada
1099,Airline_1099,China
1100,Airline_1100,Australia
1101,Airline_1101,USA
1102,Airline_1102,France
1103,Airline_1103,UK
1104,Airline_1104,Canada
1105,Airline_1105,UK
1106,Airline_1106,UK
1107,Airline_1107,Japan
1108,Airline_1108,Canada
1109,Airline_1109,USA
1110,Airline_1110,USA
1111,Airline_1111,France
1112,Airline_1112,UK
1113,Airline_1113,USA
1114,Airline_1114,Germany
1115,Airline_1115,UK
1116,Airline_1116,China
1117,Airline_1117,France
1118,Airline_1118,UK
1119,Airline_1119,Australia
1120,Airline_1120,Australia
1121,Airline_1121,Canada
1122,Airline_1122,France
1123,Airline_1123,UK
1124,Airline_1124,Japan
1125,Airline_1125,Australia
1126,Airline_1126,China
1127,Airline_1127,Canada
1128,Airline_1128,Canada
1129,Airline_1129,China
1130,Airline_1130,Japan
1131,Airline_1131,Canada
1132,Airline_1132,Canada
1133,Airline_1133,France
1134,Airline_1134,France
1135,Airline_1135,China
1136,Airline_1136,China
1137,Airline_1137,Germany
1138,Airline_1138,Germany
1139,Airline_1139,UK
1140,Airline_1140,Canada
1141,Airline_1141,France
1142,Airline_1142,Australia
1143,Airline_1143,Japan
1144,Airline_1144,Australia
1145,Airline_1145,France
1146,Airline_1146,China
1147,Airline_1147,France
1148,Airline_1148,UK
1149,Airline_1149,Japan
1150,Airline_1150,Germany
1151,Airline_1151,Germany
1152,Airline_1152,Canada
1153,Airline_1153,Canada
1154,Airline_1154,USA
1155,Airline_1155,Germany
1156,Airline_1156,Japan
1157,Airline_1157,Japan
1158,Airline_1158,China
1159,Airline_1159,China
1160,Airline_1160,France
1161,Airline_1161,France
1162,Airline_1162,USA
1163,Airline_1163,France
1164,Airline_1164,UK
1165,Airline_1165,Canada
1166,Airline_1166,USA
1167,Airline_1167,Australia
1168,Airline_1168,Germany
1169,Airline_1169,France
1170,Airline_1170,France
1171,Airline_1171,UK
1172,Airline_1172,China
1173,Airline_1173,Germany
1174,Airline_1174,UK
1175,Airline_1175,UK
1176,Airline_1176,USA
1177,Airline_1177,USA
1178,Airline_1178,Japan
1179,Airline_1179,Australia
1180,Airline_1180,China
1181,Airline_1181,UK
1182,Airline_1182,Australia
1183,Airline_1183,Canada
1184,Airline_1184,USA
1185,Airline_1185,China
1186,Airline_1186,Canada
1187,Airline_1187,Japan
1188,Airline_1188,France
1189,Airline_1189,Canada
1190,Airline_1190,China
1191,Airline_1191,China
1192,Airline_1192,USA
1193,Airline_1193,UK
1194,Airline_1194,UK
1195,Airline_1195,Australia
1196,Airline_1196,Australia
1197,Airline_1197,Australia
1198,Airline_1198,Germany
1199,Airline_1199,Australia
1200,Airline_1200,UK
1201,Airline_1201,France
1202,Airline_1202,UK
1203,Airline_1203,Canada
1204,Airline_1204,Australia
1205,Airline_1205,Australia
1206,Airline_1206,Australia
1207,Airline_1207,Australia
1208,Airline_1208,Canada
1209,Airline_1209,France
1210,Airline_1210,Canada
1211,Airline_1211,Australia
1212,Airline_1212,France
1213,Airline_1213,Australia
1214,Airline_1214,Australia
1215,Airline_1215,Canada
1216,Airline_1216,Germany
1217,Airline_1217,China
1218,Airline_1218,Germany
1219,Airline_1219,China
1220,Airline_1220,Germany
1221,Airline_1221,Japan
1222,Airline_1222,UK
1223,Airline_1223,Germany
1224,Airline_1224,Germany
1225,Airline_1225,USA
1226,Airline_1226,Germany
1227,Airline_1227,Japan
1228,Airline_1228,Australia
1229,Airline_1229,Canada
1230,Airline_1230,Canada
1231,Airline_1231,UK
1232,Airline_1232,France
1233,Airline_1233,Germany
1234,Airline_1234,Australia
1235,Airline_1235,China
1236,Airline_1236,UK
1237,Airline_1237,China
1238,Airline_1238,Japan
1239,Airline_1239,China
1240,Airline_1240,France
1241,Airline_1241,France
1242,Airline_1242,Japan
1243,Airline_1243,USA
1244,Airline_1244,Canada
1245,Airline_1245,Germany
1246,Airline_1246,Japan
1247,Airline_1247,China
1248,Airline_1248,UK
1249,Airline_1249,USA
1250,Airline_1250,USA
1251,Airline_1251,Japan
1252,Airline_1252,Germany
1253,Airline_1253,Canada
1254,Airline_1254,Canada
1255,Airline_1255,Japan
1256,Airline_1256,Canada
1257,Airline_1257,Germany
1258,Airline_1258,Germany
1259,Airline_1259,USA
1260,Airline_1260,Japan
1261,Airline_1261,UK
1262,Airline_1262,Japan
1263,Airline_1263,China
1264,Airline_1264,Japan
1265,Airline_1265,China
1266,Airline_1266,Canada
1267,Airline_1267,China
1268,Airline_1268,Germany
1269,Airline_1269,China
1270,Airline_1270,USA
1271,Airline_1271,China
1272,Airline_1272,UK
1273,Airline_1273,USA
1274,Airline_1274,UK
1275,Airline_1275,Australia
1276,Airline_1276,Germany
1277,Airline_1277,Japan
1278,Airline_1278,China
1279,Airline_1279,Germany
1280,Airline_1280,Japan
1281,Airline_1281,France
1282,Airline_1282,China
1283,Airline_1283,Japan
1284,Airline_1284,UK
1285,Airline_1285,Japan
1286,Airline_1286,Germany
1287,Airline_1287,Australia
1288,Airline_1288,UK
1289,Airline_1289,USA
1290,Airline_1290,Japan
1291,Airline_1291,Australia
1292,Airline_1292,Canada
1293,Airline_1293,France
1294,Airline_1294,Canada
1295,Airline_1295,France
1296,Airline_1296,Canada
1297,Airline_1297,Germany
1298,Airline_1298,Japan
1299,Airline_1299,France
1300,Airline_1300,Japan
1301,Airline_1301,Japan
1302,Airline_1302,Australia
1303,Airline_1303,UK
1304,Airline_1304,Germany
1305,Airline_1305,USA
1306,Airline_1306,Japan
1307,Airline_1307,China
1308,Airline_1308,USA
1309,Airline_1309,Japan
1310,Airline_1310,USA
1311,Airline_1311,Japan
1312,Airline_1312,Canada
1313,Airline_1313,Canada
1314,Airline_1314,France
1315,Airline_1315,USA
1316,Airline_1316,Japan
1317,Airline_1317,Australia
1318,Airline_1318,Germany
1319,Airline_1319,Australia
1320,Airline_1320,Australia
1321,Airline_1321,UK
1322,Airline_1322,China
1323,Airline_1323,Canada
1324,Airline_1324,Germany
1325,Airline_1325,USA
1326,Airline_1326,Germany
1327,Airline_1327,UK
1328,Airline_1328,Canada
1329,Airline_1329,France
1330,Airline_1330,USA
1331,Airline_1331,Canada
1332,Airline_1332,UK
1333,Airline_1333,UK
1334,Airline_1334,Germany
1335,Airline_1335,China
1336,Airline_1336,UK
1337,Airline_1337,France
1338,Airline_1338,France
1339,Airline_1339,Germany
1340,Airline_1340,USA
1341,Airline_1341,USA
1342,Airline_1342,Canada
1343,Airline_1343,Germany
1344,Airline_1344,Germany
1345,Airline_1345,Japan
1346,Airline_1346,USA
1347,Airline_1347,Canada
1348,Airline_1348,China
1349,Airline_1349,China
1350,Airline_1350,USA
1351,Airline_1351,Japan
1352,Airline_1352,Canada
1353,Airline_1353,Canada
1354,Airline_1354,Germany
1355,Airline_1355,Australia
1356,Airline_1356,UK
1357,Airline_1357,France
1358,Airline_1358,Germany
1359,Airline_1359,China
1360,Airline_1360,Canada
1361,Airline_1361,Japan
1362,Airline_1362,Canada
1363,Airline_1363,USA
1364,Airline_1364,UK
1365,Airline_1365,USA
1366,Airline_1366,France
1367,Airline_1367,Canada
1368,Airline_1368,Canada
1369,Airline_1369,USA
1370,Airline_1370,UK
1371,Airline_1371,USA
1372,Airline_1372,France
1373,Airline_1373,China
1374,Airline_1374,Canada
1375,Airline_1375,UK
1376,Airline_1376,UK
1377,Airline_1377,Germany
1378,Airline_1378,UK
1379,Airline_1379,Canada
1380,Airline_1380,China
1381,Airline_1381,China
1382,Airline_1382,Australia
1383,Airline_1383,France
1384,Airline_1384,USA
1385,Airline_1385,Australia
1386,Airline_1386,UK
1387,Airline_1387,Canada
1388,Airline_1388,Canada
1389,Airline_1389,Canada
1390,Airline_1390,USA
1391,Airline_1391,China
1392,Airline_1392,France
1393,Airline_1393,UK
1394,Airline_1394,Japan
1395,Airline_1395,Canada
1396,Airline_1396,UK
1397,Airline_1397,China
1398,Airline_1398,Japan
1399,Airline_1399,USA
1400,Airline_1400,Germany
1401,Airline_1401,USA
1402,Airline_1402,Canada
1403,Airline_1403,Germany
1404,Airline_1404,Germany
1405,Airline_1405,China
1406,Airline_1406,Germany
1407,Airline_1407,China
1408,Airline_1408,Australia
1409,Airline_1409,France
1410,Airline_1410,UK
1411,Airline_1411,Germany
1412,Airline_1412,UK
1413,Airline_1413,USA
1414,Airline_1414,Germany
1415,Airline_1415,Japan
1416,Airline_1416,Canada
1417,Airline_1417,Germany
1418,Airline_1418,Japan
1419,Airline_1419,Japan
1420,Airline_1420,France
1421,Airline_1421,Canada
1422,Airline_1422,France
1423,Airline_1423,USA
1424,Airline_1424,Germany
1425,Airline_1425,Canada
1426,Airline_1426,UK
1427,Airline_1427,Japan
1428,Airline_1428,USA
1429,Airline_1429,France
1430,Airline_1430,Japan
1431,Airline_1431,Germany
1432,Airline_1432,UK
1433,Airline_1433,Japan
1434,Airline_1434,China
1435,Airline_1435,USA
1436,Airline_1436,Canada
1437,Airline_1437,UK
1438,Airline_1438,Canada
1439,Airline_1439,Germany
1440,Airline_1440,China
1441,Airline_1441,UK
1442,Airline_1442,China
1443,Airline_1443,Australia
1444,Airline_1444,Australia
1445,Airline_1445,USA
1446,Airline_1446,Japan
1447,Airline_1447,Germany
1448,Airline_1448,Canada
1449,Airline_1449,Japan
1450,Airline_1450,Japan
1451,Airline_1451,Canada
1452,Airline_1452,Australia
1453,Airline_1453,UK
1454,Airline_1454,USA
1455,Airline_1455,UK
1456,Airline_1456,UK
1457,Airline_1457,Germany
1458,Airline_1458,France
1459,Airline_1459,USA
1460,Airline_1460,Australia
1461,Airline_1461,France
1462,Airline_1462,China
1463,Airline_1463,China
1464,Airline_1464,France
1465,Airline_1465,Australia
1466,Airline_1466,UK
1467,Airline_1467,Australia
1468,Airline_1468,Canada
1469,Airline_1469,Japan
1470,Airline_1470,Australia
1471,Airline_1471,Japan
1472,Airline_1472,Australia
1473,Airline_1473,Australia
1474,Airline_1474,Canada
1475,Airline_1475,USA
1476,Airline_1476,Germany
1477,Airline_1477,Japan
1478,Airline_1478,Australia
1479,Airline_1479,China
1480,Airline_1480,USA
1481,Airline_1481,Canada
1482,Airline_1482,Australia
1483,Airline_1483,Japan
1484,Airline_1484,UK
1485,Airline_1485,France
1486,Airline_1486,Germany
1487,Airline_1487,China
1488,Airline_1488,Canada
1489,Airline_1489,USA
1490,Airline_1490,USA
1491,Airline_1491,China
1492,Airline_1492,France
1493,Airline_1493,Germany
1494,Airline_1494,USA
1495,Airline_1495,Canada
1496,Airline_1496,USA
1497,Airline_1497,Japan
1498,Airline_1498,USA
1499,Airline_1499,Canada
1500,Airline_1500,UK
1501,Airline_1501,USA
1502,Airline_1502,Australia
1503,Airline_1503,USA
1504,Airline_1504,China
1505,Airline_1505,Canada
1506,Airline_1506,UK
1507,Airline_1507,France
1508,Airline_1508,Australia
1509,Airline_1509,France
1510,Airline_1510,China
1511,Airline_1511,France
1512,Airline_1512,Canada
1513,Airline_1513,France
1514,Airline_1514,USA
1515,Airline_1515,China
1516,Airline_1516,France
1517,Airline_1517,Germany
1518,Airline_1518,USA
1519,Airline_1519,Germany
1520,Airline_1520,China
1521,Airline_1521,France
1522,Airline_1522,Germany
1523,Airline_1523,Australia
1524,Airline_1524,China
1525,Airline_1525,France
1526,Airline_1526,USA
1527,Airline_1527,USA
1528,Airline_1528,Germany
1529,Airline_1529,Australia
1530,Airline_1530,UK
1531,Airline_1531,Canada
1532,Airline_1532,Japan
1533,Airline_1533,China
1534,Airline_1534,Canada
1535,Airline_1535,USA
1536,Airline_1536,Australia
1537,Airline_1537,Japan
1538,Airline_1538,Germany
1539,Airline_1539,France
1540,Airline_1540,USA
1541,Airline_1541,Germany
1542,Airline_1542,UK
1543,Airline_1543,China
1544,Airline_1544,Australia
1545,Airline_1545,UK
1546,Airline_1546,Germany
1547,Airline_1547,Canada
1548,Airline_1548,France
1549,Airline_1549,Japan
1550,Airline_1550,Canada
1551,Airline_1551,Canada
1552,Airline_1552,USA
1553,Airline_1553,Japan
1554,Airline_1554,USA
1555,Airline_1555,Germany
1556,Airline_1556,UK
1557,Airline_1557,UK
1558,Airline_1558,Australia
1559,Airline_1559,USA
1560,Airline_1560,Japan
1561,Airline_1561,China
1562,Airline_1562,USA
1563,Airline_1563,France
1564,Airline_1564,UK
1565,Airline_1565,Canada
1566,Airline_1566,USA
1567,Airline_1567,France
1568,Airline_1568,Germany
1569,Airline_1569,Japan
1570,Airline_1570,UK
1571,Airline_1571,USA
1572,Airline_1572,USA
1573,Airline_1573,Canada
1574,Airline_1574,Canada
1575,Airline_1575,UK
1576,Airline_1576,Canada
1577,Airline_1577,China
1578,Airline_1578,China
1579,Airline_1579,Canada
1580,Airline_1580,Germany
1581,Airline_1581,USA
1582,Airline_1582,China
1583,Airline_1583,China
1584,Airline_1584,Australia
1585,Airline_1585,UK
1586,Airline_1586,UK
1587,Airline_1587,UK
1588,Airline_1588,Japan
1589,Airline_1589,Japan
1590,Airline_1590,UK
1591,Airline_1591,Canada
1592,Airline_1592,USA
1593,Airline_1593,UK
1594,Airline_1594,Australia
1595,Airline_1595,Japan
1596,Airline_1596,USA
1597,Airline_1597,France
1598,Airline_1598,China
1599,Airline_1599,Japan
1600,Airline_1600,Australia
1601,Airline_1601,Japan
1602,Airline_1602,Japan
1603,Airline_1603,Japan
1604,Airline_1604,UK
1605,Airline_1605,Canada
1606,Airline_1606,Germany
1607,Airline_1607,Canada
1608,Airline_1608,France
1609,Airline_1609,Australia
1610,Airline_1610,China
1611,Airline_1611,Japan
1612,Airline_1612,Canada
1613,Airline_1613,Canada
1614,Airline_1614,Canada
1615,Airline_1615,UK
1616,Airline_1616,Japan
1617,Airline_1617,UK
1618,Airline_1618,Australia
1619,Airline_1619,Australia
1620,Airline_1620,China
1621,Airline_1621,USA
1622,Airline_1622,Australia
1623,Airline_1623,Japan
1624,Airline_1624,Japan
1625,Airline_1625,USA
1626,Airline_1626,Australia
1627,Airline_1627,UK
1628,Airline_1628,UK
1629,Airline_1629,UK
1630,Airline_1630,Germany
1631,Airline_1631,Australia
1632,Airline_1632,Canada
1633,Airline_1633,Australia
1634,Airline_1634,UK
1635,Airline_1635,Japan
1636,Airline_1636,Canada
1637,Airline_1637,China
1638,Airline_1638,UK
1639,Airline_1639,Japan
1640,Airline_1640,China
1641,Airline_1641,USA
1642,Airline_1642,USA
1643,Airline_1643,Germany
1644,Airline_1644,Canada
1645,Airline_1645,Canada
1646,Airline_1646,USA
1647,Airline_1647,Japan
1648,Airline_1648,Germany
1649,Airline_1649,USA
1650,Airline_1650,China
1651,Airline_1651,China
1652,Airline_1652,Australia
1653,Airline_1653,China
1654,Airline_1654,Canada
1655,Airline_1655,Japan
1656,Airline_1656,USA
1657,Airline_1657,Germany
1658,Airline_1658,Canada
1659,Airline_1659,France
1660,Airline_1660,Canada
1661,Airline_1661,Canada
1662,Airline_1662,Germany
1663,Airline_1663,Germany
1664,Airline_1664,China
1665,Airline_1665,USA
1666,Airline_1666,Canada
1667,Airline_1667,UK
1668,Airline_1668,France
1669,Airline_1669,China
1670,Airline_1670,Australia
1671,Airline_1671,France
1672,Airline_1672,France
1673,Airline_1673,Germany
1674,Airline_1674,Japan
1675,Airline_1675,UK
1676,Airline_1676,Germany
1677,Airline_1677,France
1678,Airline_1678,Canada
1679,Airline_1679,Australia
1680,Airline_1680,USA
1681,Airline_1681,USA
1682,Airline_1682,Canada
1683,Airline_1683,Germany
1684,Airline_1684,France
1685,Airline_1685,Germany
1686,Airline_1686,USA
1687,Airline_1687,France
1688,Airline_1688,USA
1689,Airline_1689,China
1690,Airline_1690,Australia
1691,Airline_1691,UK
1692,Airline_1692,Canada
1693,Airline_1693,UK
1694,Airline_1694,France
1695,Airline_1695,USA
1696,Airline_1696,Japan
1697,Airline_1697,Japan
1698,Airline_1698,Canada
1699,Airline_1699,Canada
1700,Airline_1700,Japan
1701,Airline_1701,Japan
1702,Airline_1702,Canada
1703,Airline_1703,Australia
1704,Airline_1704,China
1705,Airline_1705,China
1706,Airline_1706,Germany
1707,Airline_1707,Germany
1708,Airline_1708,Germany
1709,Airline_1709,UK
1710,Airline_1710,France
1711,Airline_1711,Japan
1712,Airline_1712,Germany
1713,Airline_1713,USA
1714,Airline_1714,Canada
1715,Airline_1715,UK
1716,Airline_1716,Japan
1717,Airline_1717,Germany
1718,Airline_1718,Canada
1719,Airline_1719,Canada
1720,Airline_1720,Australia
1721,Airline_1721,France
1722,Airline_1722,Canada
1723,Airline_1723,Australia
1724,Airline_1724,China
1725,Airline_1725,France
1726,Airline_1726,Germany
1727,Airline_1727,Australia
1728,Airline_1728,UK
1729,Airline_1729,China
1730,Airline_1730,Australia
1731,Airline_1731,China
1732,Airline_1732,France
1733,Airline_1733,Japan
1734,Airline_1734,Japan
1735,Airline_1735,France
1736,Airline_1736,France
1737,Airline_1737,USA
1738,Airline_1738,USA
1739,Airline_1739,Germany
1740,Airline_1740,UK
1741,Airline_1741,Japan
1742,Airline_1742,France
1743,Airline_1743,UK
1744,Airline_1744,Germany
1745,Airline_1745,Australia
1746,Airline_1746,UK
1747,Airline_1747,Japan
1748,Airline_1748,France
1749,Airline_1749,UK
1750,Airline_1750,Canada
1751,Airline_1751,USA
1752,Airline_1752,Australia
1753,Airline_1753,USA
1754,Airline_1754,Canada
1755,Airline_1755,Germany
1756,Airline_1756,UK
1757,Airline_1757,France
1758,Airline_1758,Germany
1759,Airline_1759,France
1760,Airline_1760,Germany
1761,Airline_1761,Australia
1762,Airline_1762,France
1763,Airline_1763,China
1764,Airline_1764,Japan
1765,Airline_1765,USA
1766,Airline_1766,Canada
1767,Airline_1767,France
1768,Airline_1768,Germany
1769,Airline_1769,UK
1770,Airline_1770,Australia
1771,Airline_1771,France
1772,Airline_1772,France
1773,Airline_1773,Japan
1774,Airline_1774,China
1775,Airline_1775,USA
1776,Airline_1776,UK
1777,Airline_1777,USA
1778,Airline_1778,Japan
1779,Airline_1779,Canada
1780,Airline_1780,USA
1781,Airline_1781,Canada
1782,Airline_1782,UK
1783,Airline_1783,USA
1784,Airline_1784,UK
1785,Airline_1785,China
1786,Airline_1786,France
1787,Airline_1787,Canada
1788,Airline_1788,USA
1789,Airline_1789,UK
1790,Airline_1790,Australia
1791,Airline_1791,Japan
1792,Airline_1792,USA
1793,Airline_1793,France
1794,Airline_1794,France
1795,Airline_1795,USA
1796,Airline_1796,Germany
1797,Airline_1797,Japan
1798,Airline_1798,Australia
1799,Airline_1799,UK
1800,Airline_1800,Germany
1801,Airline_1801,China
1802,Airline_1802,France
1803,Airline_1803,UK
1804,Airline_1804,France
1805,Airline_1805,Australia
1806,Airline_1806,Canada
1807,Airline_1807,USA
1808,Airline_1808,Japan
1809,Airline_1809,Japan
1810,Airline_1810,China
1811,Airline_1811,UK
1812,Airline_1812,UK
1813,Airline_1813,UK
1814,Airline_1814,China
1815,Airline_1815,China
1816,Airline_1816,China
1817,Airline_1817,Germany
1818,Airline_1818,Germany
1819,Airline_1819,China
1820,Airline_1820,France
1821,Airline_1821,Australia
1822,Airline_1822,China
1823,Airline_1823,UK
1824,Airline_1824,France
1825,Airline_1825,France
1826,Airline_1826,France
1827,Airline_1827,USA
1828,Airline_1828,Germany
1829,Airline_1829,Canada
1830,Airline_1830,Japan
1831,Airline_1831,Australia
1832,Airline_1832,Canada
1833,Airline_1833,France
1834,Airline_1834,Japan
1835,Airline_1835,Australia
1836,Airline_1836,France
1837,Airline_1837,UK
1838,Airline_1838,USA
1839,Airline_1839,France
1840,Airline_1840,Japan
1841,Airline_1841,Australia
1842,Airline_1842,Germany
1843,Airline_1843,Germany
1844,Airline_1844,Canada
1845,Airline_1845,Canada
1846,Airline_1846,Canada
1847,Airline_1847,Australia
1848,Airline_1848,Australia
1849,Airline_1849,Australia
1850,Airline_1850,Japan
1851,Airline_1851,UK
1852,Airline_1852,Canada
1853,Airline_1853,Australia
1854,Airline_1854,China
1855,Airline_1855,USA
1856,Airline_1856,France
1857,Airline_1857,Canada
1858,Airline_1858,China
1859,Airline_1859,UK
1860,Airline_1860,Germany
1861,Airline_1861,UK
1862,Airline_1862,Canada
1863,Airline_1863,Japan
1864,Airline_1864,Germany
1865,Airline_1865,Australia
1866,Airline_1866,France
1867,Airline_1867,China
1868,Airline_1868,Japan
1869,Airline_1869,Japan
1870,Airline_1870,Australia
1871,Airline_1871,UK
1872,Airline_1872,China
1873,Airline_1873,Australia
1874,Airline_1874,Germany
1875,Airline_1875,China
1876,Airline_1876,Australia
1877,Airline_1877,Germany
1878,Airline_1878,USA
1879,Airline_1879,France
1880,Airline_1880,USA
1881,Airline_1881,France
1882,Airline_1882,China
1883,Airline_1883,Japan
1884,Airline_1884,UK
1885,Airline_1885,UK
1886,Airline_1886,China
1887,Airline_1887,USA
1888,Airline_1888,France
1889,Airline_1889,Canada
1890,Airline_1890,USA
1891,Airline_1891,Japan
1892,Airline_1892,China
1893,Airline_1893,Canada
1894,Airline_1894,Australia
1895,Airline_1895,Germany
1896,Airline_1896,Germany
1897,Airline_1897,Canada
1898,Airline_1898,UK
1899,Airline_1899,Canada
1900,Airline_1900,UK
1901,Airline_1901,Germany
1902,Airline_1902,China
1903,Airline_1903,Germany
1904,Airline_1904,France
1905,Airline_1905,China
1906,Airline_1906,Canada
1907,Airline_1907,USA
1908,Airline_1908,Germany
1909,Airline_1909,Canada
1910,Airline_1910,Canada
1911,Airline_1911,Australia
1912,Airline_1912,France
1913,Airline_1913,Australia
1914,Airline_1914,Canada
1915,Airline_1915,Germany
1916,Airline_1916,China
1917,Airline_1917,Australia
1918,Airline_1918,Canada
1919,Airline_1919,UK
1920,Airline_1920,USA
1921,Airline_1921,Canada
1922,Airline_1922,Germany
1923,Airline_1923,Australia
1924,Airline_1924,USA
1925,Airline_1925,Japan
1926,Airline_1926,USA
1927,Airline_1927,Japan
1928,Airline_1928,Japan
1929,Airline_1929,France
1930,Airline_1930,Germany
1931,Airline_1931,Germany
1932,Airline_1932,Germany
1933,Airline_1933,France
1934,Airline_1934,UK
1935,Airline_1935,USA
1936,Airline_1936,Canada
1937,Airline_1937,France
1938,Airline_1938,UK
1939,Airline_1939,Australia
1940,Airline_1940,Australia
1941,Airline_1941,China
1942,Airline_1942,USA
1943,Airline_1943,UK
1944,Airline_1944,France
1945,Airline_1945,Canada
1946,Airline_1946,Canada
1947,Airline_1947,Canada
1948,Airline_1948,Japan
1949,Airline_1949,Germany
1950,Airline_1950,Canada
1951,Airline_1951,Canada
1952,Airline_1952,Australia
1953,Airline_1953,France
1954,Airline_1954,USA
1955,Airline_1955,UK
1956,Airline_1956,USA
1957,Airline_1957,France
1958,Airline_1958,Canada
1959,Airline_1959,Canada
1960,Airline_1960,Germany
1961,Airline_1961,Australia
1962,Airline_1962,France
1963,Airline_1963,UK
1964,Airline_1964,USA
1965,Airline_1965,UK
1966,Airline_1966,UK
1967,Airline_1967,France
1968,Airline_1968,Australia
1969,Airline_1969,Canada
1970,Airline_1970,USA
1971,Airline_1971,Japan
1972,Airline_1972,UK
1973,Airline_1973,Australia
1974,Airline_1974,China
1975,Airline_1975,Canada
1976,Airline_1976,China
1977,Airline_1977,Australia
1978,Airline_1978,USA
1979,Airline_1979,France
1980,Airline_1980,China
1981,Airline_1981,France
1982,Airline_1982,UK
1983,Airline_1983,China
1984,Airline_1984,Germany
1985,Airline_1985,UK
1986,Airline_1986,China
1987,Airline_1987,China
1988,Airline_1988,USA
1989,Airline_1989,Japan
1990,Airline_1990,UK
1991,Airline_1991,Japan
1992,Airline_1992,Canada
1993,Airline_1993,Germany
1994,Airline_1994,France
1995,Airline_1995,UK
1996,Airline_1996,Canada
1997,Airline_1997,France
1998,Airline_1998,UK
1999,Airline_1999,France
2000,Airline_2000,Australia
2001,Airline_2001,USA
2002,Airline_2002,UK
2003,Airline_2003,Australia
2004,Airline_2004,USA
2005,Airline_2005,China
2006,Airline_2006,France
2007,Airline_2007,France
2008,Airline_2008,UK
2009,Airline_2009,Japan
2010,Airline_2010,USA
2011,Airline_2011,Australia
2012,Airline_2012,USA
2013,Airline_2013,Australia
2014,Airline_2014,USA
2015,Airline_2015,Germany
2016,Airline_2016,France
2017,Airline_2017,France
2018,Airline_2018,Germany
2019,Airline_2019,France
2020,Airline_2020,Canada
2021,Airline_2021,China
2022,Airline_2022,UK
2023,Airline_2023,USA
2024,Airline_2024,Canada
2025,Airline_2025,Japan
2026,Airline_2026,France
2027,Airline_2027,China
2028,Airline_2028,USA
2029,Airline_2029,Australia
2030,Airline_2030,Germany
2031,Airline_2031,UK
2032,Airline_2032,Japan
2033,Airline_2033,USA
2034,Airline_2034,China
2035,Airline_2035,UK
2036,Airline_2036,UK
2037,Airline_2037,France
2038,Airline_2038,Australia
2039,Airline_2039,USA
2040,Airline_2040,China
2041,Airline_2041,France
2042,Airline_2042,Japan
2043,Airline_2043,France
2044,Airline_2044,China
2045,Airline_2045,China
2046,Airline_2046,UK
2047,Airline_2047,France
2048,Airline_2048,Australia
2049,Airline_2049,USA
2050,Airline_2050,Canada
2051,Airline_2051,USA
2052,Airline_2052,China
2053,Airline_2053,USA
2054,Airline_2054,USA
2055,Airline_2055,France
2056,Airline_2056,Australia
2057,Airline_2057,France
2058,Airline_2058,Australia
2059,Airline_2059,USA
2060,Airline_2060,China
2061,Airline_2061,USA
2062,Airline_2062,Japan
2063,Airline_2063,UK
2064,Airline_2064,Germany
2065,Airline_2065,Japan
2066,Airline_2066,Canada
2067,Airline_2067,Japan
2068,Airline_2068,France
2069,Airline_2069,UK
2070,Airline_2070,USA
2071,Airline_2071,Japan
2072,Airline_2072,Germany
2073,Airline_2073,Germany
2074,Airline_2074,China
2075,Airline_2075,Canada
2076,Airline_2076,France
2077,Airline_2077,China
2078,Airline_2078,UK
2079,Airline_2079,Australia
2080,Airline_2080,Canada
2081,Airline_2081,Japan
2082,Airline_2082,Germany
2083,Airline_2083,China
2084,Airline_2084,France
2085,Airline_2085,Germany
2086,Airline_2086,Japan
2087,Airline_2087,Japan
2088,Airline_2088,UK
2089,Airline_2089,UK
2090,Airline_2090,Germany
2091,Airline_2091,USA
2092,Airline_2092,Germany
2093,Airline_2093,UK
2094,Airline_2094,USA
2095,Airline_2095,UK
2096,Airline_2096,Canada
2097,Airline_2097,UK
2098,Airline_2098,China
2099,Airline_2099,Australia
2100,Airline_2100,France
2101,Airline_2101,Japan
2102,Airline_2102,China
2103,Airline_2103,China
2104,Airline_2104,UK
2105,Airline_2105,Germany
2106,Airline_2106,China
2107,Airline_2107,USA
2108,Airline_2108,USA
2109,Airline_2109,Japan
2110,Airline_2110,UK
2111,Airline_2111,France
2112,Airline_2112,Germany
2113,Airline_2113,UK
2114,Airline_2114,Canada
2115,Airline_2115,Australia
2116,Airline_2116,Canada
2117,Airline_2117,Australia
2118,Airline_2118,Australia
2119,Airline_2119,UK
2120,Airline_2120,Canada
2121,Airline_2121,UK
2122,Airline_2122,Australia
2123,Airline_2123,France
2124,Airline_2124,Australia
2125,Airline_2125,Australia
2126,Airline_2126,Japan
2127,Airline_2127,Australia
2128,Airline_2128,Canada
2129,Airline_2129,Japan
2130,Airline_2130,Canada
2131,Airline_2131,France
2132,Airline_2132,USA
2133,Airline_2133,Canada
2134,Airline_2134,Australia
2135,Airline_2135,China
2136,Airline_2136,USA
2137,Airline_2137,Germany
2138,Airline_2138,Japan
2139,Airline_2139,France
2140,Airline_2140,USA
2141,Airline_2141,China
2142,Airline_2142,Germany
2143,Airline_2143,China
2144,Airline_2144,Germany
2145,Airline_2145,Canada
2146,Airline_2146,USA
2147,Airline_2147,Japan
2148,Airline_2148,Australia
2149,Airline_2149,Australia
2150,Airline_2150,France
2151,Airline_2151,China
2152,Airline_2152,UK
2153,Airline_2153,Japan
2154,Airline_2154,France
2155,Airline_2155,Japan
2156,Airline_2156,Australia
2157,Airline_2157,China
2158,Airline_2158,Germany
2159,Airline_2159,USA
2160,Airline_2160,Australia
2161,Airline_2161,UK
2162,Airline_2162,Germany
2163,Airline_2163,Canada
2164,Airline_2164,China
2165,Airline_2165,UK
2166,Airline_2166,China
2167,Airline_2167,USA
2168,Airline_2168,USA
2169,Airline_2169,USA
2170,Airline_2170,France
2171,Airline_2171,Germany
2172,Airline_2172,UK
2173,Airline_2173,China
2174,Airline_2174,UK
2175,Airline_2175,France
2176,Airline_2176,China
2177,Airline_2177,France
2178,Airline_2178,Japan
2179,Airline_2179,Japan
2180,Airline_2180,UK
2181,Airline_2181,USA
2182,Airline_2182,Canada
2183,Airline_2183,Japan
2184,Airline_2184,France
2185,Airline_2185,Germany
2186,Airline_2186,Australia
2187,Airline_2187,Japan
2188,Airline_2188,USA
2189,Airline_2189,UK
2190,Airline_2190,China
2191,Airline_2191,USA
2192,Airline_2192,Japan
2193,Airline_2193,China
2194,Airline_2194,USA
2195,Airline_2195,Germany
2196,Airline_2196,France
2197,Airline_2197,Germany
2198,Airline_2198,France
2199,Airline_2199,France
2200,Airline_2200,UK
2201,Airline_2201,Canada
2202,Airline_2202,Australia
2203,Airline_2203,Australia
2204,Airline_2204,Germany
2205,Airline_2205,France
2206,Airline_2206,China
2207,Airline_2207,Germany
2208,Airline_2208,Australia
2209,Airline_2209,Japan
2210,Airline_2210,Canada
2211,Airline_2211,Canada
2212,Airline_2212,Germany
2213,Airline_2213,Germany
2214,Airline_2214,UK
2215,Airline_2215,Canada
2216,Airline_2216,Canada
2217,Airline_2217,China
2218,Airline_2218,USA
2219,Airline_2219,Germany
2220,Airline_2220,UK
2221,Airline_2221,Canada
2222,Airline_2222,France
2223,Airline_2223,France
2224,Airline_2224,UK
2225,Airline_2225,Germany
2226,Airline_2226,China
2227,Airline_2227,USA
2228,Airline_2228,UK
2229,Airline_2229,Japan
2230,Airline_2230,Canada
2231,Airline_2231,Japan
2232,Airline_2232,Germany
2233,Airline_2233,France
2234,Airline_2234,Australia
2235,Airline_2235,UK
2236,Airline_2236,Australia
2237,Airline_2237,France
2238,Airline_2238,Japan
2239,Airline_2239,Australia
2240,Airline_2240,USA
2241,Airline_2241,USA
2242,Airline_2242,Japan
2243,Airline_2243,UK
2244,Airline_2244,Germany
2245,Airline_2245,China
2246,Airline_2246,Australia
2247,Airline_2247,USA
2248,Airline_2248,China
2249,Airline_2249,Australia
2250,Airline_2250,Canada
2251,Airline_2251,France
2252,Airline_2252,Canada
2253,Airline_2253,UK
2254,Airline_2254,Canada
2255,Airline_2255,USA
2256,Airline_2256,China
2257,Airline_2257,Japan
2258,Airline_2258,China
2259,Airline_2259,France
2260,Airline_2260,France
2261,Airline_2261,China
2262,Airline_2262,Australia
2263,Airline_2263,Canada
2264,Airline_2264,Japan
2265,Airline_2265,USA
2266,Airline_2266,Canada
2267,Airline_2267,Canada
2268,Airline_2268,Canada
2269,Airline_2269,Japan
2270,Airline_2270,UK
2271,Airline_2271,China
2272,Airline_2272,UK
2273,Airline_2273,China
2274,Airline_2274,Germany
2275,Airline_2275,Australia
2276,Airline_2276,USA
2277,Airline_2277,Canada
2278,Airline_2278,Canada
2279,Airline_2279,Germany
2280,Airline_2280,China
2281,Airline_2281,Australia
2282,Airline_2282,UK
2283,Airline_2283,Australia
2284,Airline_2284,France
2285,Airline_2285,Canada
2286,Airline_2286,Germany
2287,Airline_2287,China
2288,Airline_2288,USA
2289,Airline_2289,France
2290,Airline_2290,UK
2291,Airline_2291,Germany
2292,Airline_2292,China
2293,Airline_2293,Canada
2294,Airline_2294,USA
2295,Airline_2295,Japan
2296,Airline_2296,Canada
2297,Airline_2297,Japan
2298,Airline_2298,Australia
2299,Airline_2299,Australia
2300,Airline_2300,USA
2301,Airline_2301,USA
2302,Airline_2302,UK
2303,Airline_2303,China
2304,Airline_2304,Australia
2305,Airline_2305,Japan
2306,Airline_2306,UK
2307,Airline_2307,UK
2308,Airline_2308,Canada
2309,Airline_2309,UK
2310,Airline_2310,USA
2311,Airline_2311,France
2312,Airline_2312,Germany
2313,Airline_2313,USA
2314,Airline_2314,Germany
2315,Airline_2315,Japan
2316,Airline_2316,France
2317,Airline_2317,France
2318,Airline_2318,France
2319,Airline_2319,UK
2320,Airline_2320,Australia
2321,Airline_2321,Japan
2322,Airline_2322,Japan
2323,Airline_2323,UK
2324,Airline_2324,France
2325,Airline_2325,UK
2326,Airline_2326,Japan
2327,Airline_2327,Germany
2328,Airline_2328,Australia
2329,Airline_2329,Australia
2330,Airline_2330,UK
2331,Airline_2331,USA
2332,Airline_2332,UK
2333,Airline_2333,Australia
2334,Airline_2334,China
2335,Airline_2335,Canada
2336,Airline_2336,USA
2337,Airline_2337,Canada
2338,Airline_2338,UK
2339,Airline_2339,Australia
2340,Airline_2340,Germany
2341,Airline_2341,Canada
2342,Airline_2342,USA
2343,Airline_2343,USA
2344,Airline_2344,Australia
2345,Airline_2345,China
2346,Airline_2346,Japan
2347,Airline_2347,China
2348,Airline_2348,France
2349,Airline_2349,UK
2350,Airline_2350,France
2351,Airline_2351,France
2352,Airline_2352,USA
2353,Airline_2353,Germany
2354,Airline_2354,Germany
2355,Airline_2355,Japan
2356,Airline_2356,Germany
2357,Airline_2357,China
2358,Airline_2358,Canada
2359,Airline_2359,USA
2360,Airline_2360,Canada
2361,Airline_2361,Canada
2362,Airline_2362,France
2363,Airline_2363,France
2364,Airline_2364,Japan
2365,Airline_2365,UK
2366,Airline_2366,Japan
2367,Airline_2367,China
2368,Airline_2368,Japan
2369,Airline_2369,UK
2370,Airline_2370,Japan
2371,Airline_2371,USA
2372,Airline_2372,USA
2373,Airline_2373,Germany
2374,Airline_2374,China
2375,Airline_2375,France
2376,Airline_2376,Germany
2377,Airline_2377,France
2378,Airline_2378,Germany
2379,Airline_2379,China
2380,Airline_2380,Australia
2381,Airline_2381,UK
2382,Airline_2382,UK
2383,Airline_2383,Japan
2384,Airline_2384,China
2385,Airline_2385,Canada
2386,Airline_2386,Germany
2387,Airline_2387,Canada
2388,Airline_2388,China
2389,Airline_2389,Australia
2390,Airline_2390,China
2391,Airline_2391,France
2392,Airline_2392,France
2393,Airline_2393,France
2394,Airline_2394,Germany
2395,Airline_2395,UK
2396,Airline_2396,USA
2397,Airline_2397,UK
2398,Airline_2398,China
2399,Airline_2399,France
2400,Airline_2400,France
2401,Airline_2401,Canada
2402,Airline_2402,France
2403,Airline_2403,UK
2404,Airline_2404,UK
2405,Airline_2405,Australia
2406,Airline_2406,USA
2407,Airline_2407,China
2408,Airline_2408,UK
2409,Airline_2409,UK
2410,Airline_2410,USA
2411,Airline_2411,China
2412,Airline_2412,Japan
2413,Airline_2413,Germany
2414,Airline_2414,UK
2415,Airline_2415,Australia
2416,Airline_2416,USA
2417,Airline_2417,UK
2418,Airline_2418,Australia
2419,Airline_2419,Canada
2420,Airline_2420,Germany
2421,Airline_2421,Japan
2422,Airline_2422,USA
2423,Airline_2423,Japan
2424,Airline_2424,France
2425,Airline_2425,Japan
2426,Airline_2426,USA
2427,Airline_2427,Germany
2428,Airline_2428,Germany
2429,Airline_2429,USA
2430,Airline_2430,UK
2431,Airline_2431,USA
2432,Airline_2432,Australia
2433,Airline_2433,USA
2434,Airline_2434,France
2435,Airline_2435,UK
2436,Airline_2436,France
2437,Airline_2437,USA
2438,Airline_2438,USA
2439,Airline_2439,Japan
2440,Airline_2440,Japan
2441,Airline_2441,Japan
2442,Airline_2442,Germany
2443,Airline_2443,Canada
2444,Airline_2444,USA
2445,Airline_2445,France
2446,Airline_2446,China
2447,Airline_2447,China
2448,Airline_2448,Australia
2449,Airline_2449,Germany
2450,Airline_2450,China
2451,Airline_2451,Japan
2452,Airline_2452,USA
2453,Airline_2453,UK
2454,Airline_2454,USA
2455,Airline_2455,China
2456,Airline_2456,Japan
2457,Airline_2457,Australia
2458,Airline_2458,USA
2459,Airline_2459,Canada
2460,Airline_2460,UK
2461,Airline_2461,Canada
2462,Airline_2462,Australia
2463,Airline_2463,USA
2464,Airline_2464,USA
2465,Airline_2465,Canada
2466,Airline_2466,UK
2467,Airline_2467,China
2468,Airline_2468,France
2469,Airline_2469,China
2470,Airline_2470,France
2471,Airline_2471,France
2472,Airline_2472,UK
2473,Airline_2473,Japan
2474,Airline_2474,Australia
2475,Airline_2475,Canada
2476,Airline_2476,Germany
2477,Airline_2477,UK
2478,Airline_2478,USA
2479,Airline_2479,China
2480,Airline_2480,Canada
2481,Airline_2481,Australia
2482,Airline_2482,France
2483,Airline_2483,Australia
2484,Airline_2484,Japan
2485,Airline_2485,France
2486,Airline_2486,China
2487,Airline_2487,Germany
2488,Airline_2488,Canada
2489,Airline_2489,USA
2490,Airline_2490,USA
2491,Airline_2491,Australia
2492,Airline_2492,Canada
2493,Airline_2493,Australia
2494,Airline_2494,France
2495,Airline_2495,Japan
2496,Airline_2496,France
2497,Airline_2497,Japan
2498,Airline_2498,Germany
2499,Airline_2499,Australia
2500,Airline_2500,Australia
2501,Airline_2501,France
2502,Airline_2502,Canada
2503,Airline_2503,Germany
2504,Airline_2504,UK
2505,Airline_2505,France
2506,Airline_2506,Germany
2507,Airline_2507,Australia
2508,Airline_2508,Australia
2509,Airline_2509,Germany
2510,Airline_2510,USA
2511,Airline_2511,Germany
2512,Airline_2512,Australia
2513,Airline_2513,USA
2514,Airline_2514,Canada
2515,Airline_2515,China
2516,Airline_2516,Germany
2517,Airline_2517,France
2518,Airline_2518,Australia
2519,Airline_2519,USA
2520,Airline_2520,USA
2521,Airline_2521,USA
2522,Airline_2522,USA
2523,Airline_2523,USA
2524,Airline_2524,UK
2525,Airline_2525,Japan
2526,Airline_2526,France
2527,Airline_2527,France
2528,Airline_2528,Japan
2529,Airline_2529,UK
2530,Airline_2530,China
2531,Airline_2531,Japan
2532,Airline_2532,France
2533,Airline_2533,Germany
2534,Airline_2534,Japan
2535,Airline_2535,France
2536,Airline_2536,France
2537,Airline_2537,Canada
2538,Airline_2538,Canada
2539,Airline_2539,Australia
2540,Airline_2540,France
2541,Airline_2541,Japan
2542,Airline_2542,China
2543,Airline_2543,France
2544,Airline_2544,Japan
2545,Airline_2545,Canada
2546,Airline_2546,France
2547,Airline_2547,China
2548,Airline_2548,Canada
2549,Airline_2549,Canada
2550,Airline_2550,China
2551,Airline_2551,Australia
2552,Airline_2552,USA
2553,Airline_2553,Australia
2554,Airline_2554,Canada
2555,Airline_2555,Australia
2556,Airline_2556,Germany
2557,Airline_2557,China
2558,Airline_2558,Germany
2559,Airline_2559,China
2560,Airline_2560,China
2561,Airline_2561,Canada
2562,Airline_2562,France
2563,Airline_2563,Germany
2564,Airline_2564,Japan
2565,Airline_2565,Germany
2566,Airline_2566,China
2567,Airline_2567,Canada
2568,Airline_2568,UK
2569,Airline_2569,Canada
2570,Airline_2570,Canada
2571,Airline_2571,Japan
2572,Airline_2572,Australia
2573,Airline_2573,USA
2574,Airline_2574,Canada
2575,Airline_2575,UK
2576,Airline_2576,UK
2577,Airline_2577,Australia
2578,Airline_2578,Australia
2579,Airline_2579,Canada
2580,Airline_2580,USA
2581,Airline_2581,UK
2582,Airline_2582,Japan
2583,Airline_2583,USA
2584,Airline_2584,Japan
2585,Airline_2585,Japan
2586,Airline_2586,France
2587,Airline_2587,Germany
2588,Airline_2588,UK
2589,Airline_2589,USA
2590,Airline_2590,Japan
2591,Airline_2591,Germany
2592,Airline_2592,China
2593,Airline_2593,Japan
2594,Airline_2594,Japan
2595,Airline_2595,USA
2596,Airline_2596,Germany
2597,Airline_2597,Germany
2598,Airline_2598,Canada
2599,Airline_2599,Australia
2600,Airline_2600,Canada
2601,Airline_2601,UK
2602,Airline_2602,USA
2603,Airline_2603,France
2604,Airline_2604,Canada
2605,Airline_2605,France
2606,Airline_2606,Japan
2607,Airline_2607,USA
2608,Airline_2608,USA
2609,Airline_2609,Australia
2610,Airline_2610,USA
2611,Airline_2611,China
2612,Airline_2612,Germany
2613,Airline_2613,France
2614,Airline_2614,Japan
2615,Airline_2615,China
2616,Airline_2616,Canada
2617,Airline_2617,Australia
2618,Airline_2618,USA
2619,Airline_2619,UK
2620,Airline_2620,Australia
2621,Airline_2621,China
2622,Airline_2622,USA
2623,Airline_2623,Australia
2624,Airline_2624,Australia
2625,Airline_2625,USA
2626,Airline_2626,UK
2627,Airline_2627,China
2628,Airline_2628,Australia
2629,Airline_2629,Japan
2630,Airline_2630,UK
2631,Airline_2631,UK
2632,Airline_2632,Canada
2633,Airline_2633,Canada
2634,Airline_2634,Australia
2635,Airline_2635,Germany
2636,Airline_2636,Australia
2637,Airline_2637,USA
2638,Airline_2638,Australia
2639,Airline_2639,China
2640,Airline_2640,China
2641,Airline_2641,Canada
2642,Airline_2642,France
2643,Airline_2643,Japan
2644,Airline_2644,Australia
2645,Airline_2645,China
2646,Airline_2646,UK
2647,Airline_2647,China
2648,Airline_2648,France
2649,Airline_2649,UK
2650,Airline_2650,Japan
2651,Airline_2651,Australia
2652,Airline_2652,Canada
2653,Airline_2653,Canada
2654,Airline_2654,Germany
2655,Airline_2655,Canada
2656,Airline_2656,France
2657,Airline_2657,Germany
2658,Airline_2658,France
2659,Airline_2659,France
2660,Airline_2660,Australia
2661,Airline_2661,Japan
2662,Airline_2662,Canada
2663,Airline_2663,Australia
2664,Airline_2664,France
2665,Airline_2665,China
2666,Airline_2666,UK
2667,Airline_2667,China
2668,Airline_2668,France
2669,Airline_2669,China
2670,Airline_2670,Germany
2671,Airline_2671,Japan
2672,Airline_2672,Japan
2673,Airline_2673,Canada
2674,Airline_2674,Japan
2675,Airline_2675,Australia
2676,Airline_2676,Germany
2677,Airline_2677,Germany
2678,Airline_2678,UK
2679,Airline_2679,France
2680,Airline_2680,UK
2681,Airline_2681,Japan
2682,Airline_2682,China
2683,Airline_2683,China
2684,Airline_2684,Japan
2685,Airline_2685,UK
2686,Airline_2686,Germany
2687,Airline_2687,China
2688,Airline_2688,Australia
2689,Airline_2689,Germany
2690,Airline_2690,Australia
2691,Airline_2691,Canada
2692,Airline_2692,China
2693,Airline_2693,UK
2694,Airline_2694,France
2695,Airline_2695,Canada
2696,Airline_2696,Australia
2697,Airline_2697,UK
2698,Airline_2698,China
2699,Airline_2699,Canada
2700,Airline_2700,France
2701,Airline_2701,Australia
2702,Airline_2702,Japan
2703,Airline_2703,France
2704,Airline_2704,Canada
2705,Airline_2705,Germany
2706,Airline_2706,UK
2707,Airline_2707,USA
2708,Airline_2708,USA
2709,Airline_2709,France
2710,Airline_2710,France
2711,Airline_2711,Germany
2712,Airline_2712,Japan
2713,Airline_2713,Germany
2714,Airline_2714,Canada
2715,Airline_2715,Germany
2716,Airline_2716,France
2717,Airline_2717,China
2718,Airline_2718,USA
2719,Airline_2719,USA
2720,Airline_2720,Canada
2721,Airline_2721,China
2722,Airline_2722,France
2723,Airline_2723,Canada
2724,Airline_2724,China
2725,Airline_2725,Canada
2726,Airline_2726,France
2727,Airline_2727,Australia
2728,Airline_2728,UK
2729,Airline_2729,USA
2730,Airline_2730,Canada
2731,Airline_2731,Germany
2732,Airline_2732,Australia
2733,Airline_2733,Australia
2734,Airline_2734,Germany
2735,Airline_2735,China
2736,Airline_2736,USA
2737,Airline_2737,Germany
2738,Airline_2738,China
2739,Airline_2739,France
2740,Airline_2740,China
2741,Airline_2741,China
2742,Airline_2742,UK
2743,Airline_2743,Canada
2744,Airline_2744,Canada
2745,Airline_2745,Australia
2746,Airline_2746,Germany
2747,Airline_2747,France
2748,Airline_2748,Canada
2749,Airline_2749,Canada
2750,Airline_2750,Australia
2751,Airline_2751,USA
2752,Airline_2752,USA
2753,Airline_2753,USA
2754,Airline_2754,UK
2755,Airline_2755,Australia
2756,Airline_2756,Canada
2757,Airline_2757,USA
2758,Airline_2758,Canada
2759,Airline_2759,Germany
2760,Airline_2760,France
2761,Airline_2761,Australia
2762,Airline_2762,France
2763,Airline_2763,Australia
2764,Airline_2764,China
2765,Airline_2765,Japan
2766,Airline_2766,Australia
2767,Airline_2767,USA
2768,Airline_2768,China
2769,Airline_2769,Japan
2770,Airline_2770,Japan
2771,Airline_2771,USA
2772,Airline_2772,China
2773,Airline_2773,UK
2774,Airline_2774,USA
2775,Airline_2775,China
2776,Airline_2776,China
2777,Airline_2777,France
2778,Airline_2778,USA
2779,Airline_2779,Australia
2780,Airline_2780,Canada
2781,Airline_2781,UK
2782,Airline_2782,Japan
2783,Airline_2783,China
2784,Airline_2784,Canada
2785,Airline_2785,USA
2786,Airline_2786,Australia
2787,Airline_2787,Australia
2788,Airline_2788,UK
2789,Airline_2789,Australia
2790,Airline_2790,Canada
2791,Airline_2791,China
2792,Airline_2792,China
2793,Airline_2793,UK
2794,Airline_2794,USA
2795,Airline_2795,USA
2796,Airline_2796,USA
2797,Airline_2797,France
2798,Airline_2798,China
2799,Airline_2799,Germany
2800,Airline_2800,UK
2801,Airline_2801,USA
2802,Airline_2802,UK
2803,Airline_2803,Canada
2804,Airline_2804,China
2805,Airline_2805,France
2806,Airline_2806,Germany
2807,Airline_2807,Japan
2808,Airline_2808,Canada
2809,Airline_2809,USA
2810,Airline_2810,UK
2811,Airline_2811,Japan
2812,Airline_2812,Australia
2813,Airline_2813,Australia
2814,Airline_2814,UK
2815,Airline_2815,Germany
2816,Airline_2816,USA
2817,Airline_2817,USA
2818,Airline_2818,China
2819,Airline_2819,China
2820,Airline_2820,Australia
2821,Airline_2821,USA
2822,Airline_2822,USA
2823,Airline_2823,China
2824,Airline_2824,USA
2825,Airline_2825,Canada
2826,Airline_2826,Japan
2827,Airline_2827,China
2828,Airline_2828,France
2829,Airline_2829,China
2830,Airline_2830,USA
2831,Airline_2831,UK
2832,Airline_2832,China
2833,Airline_2833,Australia
2834,Airline_2834,USA
2835,Airline_2835,Canada
2836,Airline_2836,Canada
2837,Airline_2837,USA
2838,Airline_2838,UK
2839,Airline_2839,China
2840,Airline_2840,China
2841,Airline_2841,Australia
2842,Airline_2842,France
2843,Airline_2843,Japan
2844,Airline_2844,UK
2845,Airline_2845,China
2846,Airline_2846,UK
2847,Airline_2847,Japan
2848,Airline_2848,USA
2849,Airline_2849,Japan
2850,Airline_2850,China
2851,Airline_2851,China
2852,Airline_2852,UK
2853,Airline_2853,France
2854,Airline_2854,Canada
2855,Airline_2855,Germany
2856,Airline_2856,UK
2857,Airline_2857,USA
2858,Airline_2858,Germany
2859,Airline_2859,Germany
2860,Airline_2860,Germany
2861,Airline_2861,China
2862,Airline_2862,USA
2863,Airline_2863,USA
2864,Airline_2864,Australia
2865,Airline_2865,Canada
2866,Airline_2866,China
2867,Airline_2867,Germany
2868,Airline_2868,Australia
2869,Airline_2869,China
2870,Airline_2870,Canada
2871,Airline_2871,Germany
2872,Airline_2872,Japan
2873,Airline_2873,UK
2874,Airline_2874,USA
2875,Airline_2875,Australia
2876,Airline_2876,Australia
2877,Airline_2877,Germany
2878,Airline_2878,USA
2879,Airline_2879,China
2880,Airline_2880,Canada
2881,Airline_2881,Australia
2882,Airline_2882,Japan
2883,Airline_2883,USA
2884,Airline_2884,UK
2885,Airline_2885,Australia
2886,Airline_2886,China
2887,Airline_2887,Germany
2888,Airline_2888,France
2889,Airline_2889,USA
2890,Airline_2890,Australia
2891,Airline_2891,USA
2892,Airline_2892,Germany
2893,Airline_2893,Japan
2894,Airline_2894,China
2895,Airline_2895,China
2896,Airline_2896,Germany
2897,Airline_2897,Japan
2898,Airline_2898,Japan
2899,Airline_2899,Germany
2900,Airline_2900,Australia
2901,Airline_2901,Germany
2902,Airline_2902,Canada
2903,Airline_2903,France
2904,Airline_2904,USA
2905,Airline_2905,UK
2906,Airline_2906,UK
2907,Airline_2907,USA
2908,Airline_2908,Canada
2909,Airline_2909,Canada
2910,Airline_2910,China
2911,Airline_2911,Canada
2912,Airline_2912,Canada
2913,Airline_2913,Australia
2914,Airline_2914,USA
2915,Airline_2915,China
2916,Airline_2916,Australia
2917,Airline_2917,France
2918,Airline_2918,USA
2919,Airline_2919,Canada
2920,Airline_2920,China
2921,Airline_2921,Australia
2922,Airline_2922,Japan
2923,Airline_2923,Japan
2924,Airline_2924,Canada
2925,Airline_2925,Japan
2926,Airline_2926,France
2927,Airline_2927,Australia
2928,Airline_2928,Japan
2929,Airline_2929,Australia
2930,Airline_2930,France
2931,Airline_2931,Canada
2932,Airline_2932,USA
2933,Airline_2933,UK
2934,Airline_2934,China
2935,Airline_2935,Japan
2936,Airline_2936,China
2937,Airline_2937,Germany
2938,Airline_2938,USA
2939,Airline_2939,Germany
2940,Airline_2940,Australia
2941,Airline_2941,China
2942,Airline_2942,USA
2943,Airline_2943,Canada
2944,Airline_2944,France
2945,Airline_2945,USA
2946,Airline_2946,Japan
2947,Airline_2947,France
2948,Airline_2948,UK
2949,Airline_2949,Japan
2950,Airline_2950,China
2951,Airline_2951,Canada
2952,Airline_2952,USA
2953,Airline_2953,Australia
2954,Airline_2954,France
2955,Airline_2955,China
2956,Airline_2956,Canada
2957,Airline_2957,UK
2958,Airline_2958,Japan
2959,Airline_2959,Australia
2960,Airline_2960,Japan
2961,Airline_2961,Japan
2962,Airline_2962,Canada
2963,Airline_2963,USA
2964,Airline_2964,UK
2965,Airline_2965,USA
2966,Airline_2966,USA
2967,Airline_2967,Germany
2968,Airline_2968,France
2969,Airline_2969,USA
2970,Airline_2970,China
2971,Airline_2971,Japan
2972,Airline_2972,Canada
2973,Airline_2973,Australia
2974,Airline_2974,Australia
2975,Airline_2975,Japan
2976,Airline_2976,France
2977,Airline_2977,Japan
2978,Airline_2978,Australia
2979,Airline_2979,France
2980,Airline_2980,Germany
2981,Airline_2981,Australia
2982,Airline_2982,Japan
2983,Airline_2983,Australia
2984,Airline_2984,Germany
2985,Airline_2985,France
2986,Airline_2986,Canada
2987,Airline_2987,France
2988,Airline_2988,France
2989,Airline_2989,USA
2990,Airline_2990,Canada
2991,Airline_2991,Australia
2992,Airline_2992,Japan
2993,Airline_2993,France
2994,Airline_2994,France
2995,Airline_2995,UK
2996,Airline_2996,Japan
2997,Airline_2997,Germany
2998,Airline_2998,Germany
2999,Airline_2999,China
3000,Airline_3000,Australia
