Airport ID,Airport Location,Airport Country
9,City_9,China
1,City_1,Germany
84,City_84,Japan
92,City_92,Germany
44,City_44,USA
22,City_22,USA
39,City_39,USA
24,City_24,China
4,City_4,Canada
13,City_13,Canada
56,City_56,China
47,City_47,Australia
52,City_52,Germany
82,City_82,France
7,City_7,Australia
11,City_11,UK
32,City_32,China
33,City_33,China
15,City_15,Canada
38,City_38,Australia
70,City_70,Canada
46,City_46,Australia
87,City_87,UK
50,City_50,Australia
10,City_10,UK
43,City_43,Germany
62,City_62,China
41,City_41,Canada
96,City_96,Germany
65,City_65,USA
25,City_25,Japan
77,City_77,UK
51,City_51,USA
20,City_20,USA
34,City_34,UK
45,City_45,UK
99,City_99,UK
42,City_42,Japan
88,City_88,China
3,City_3,France
73,City_73,UK
23,City_23,Australia
90,City_90,France
68,City_68,Canada
71,City_71,Australia
81,City_81,Japan
49,City_49,Canada
27,City_27,Canada
35,City_35,Germany
93,City_93,Australia
16,City_16,Australia
86,City_86,UK
94,City_94,China
36,City_36,France
89,City_89,Canada
91,City_91,France
14,City_14,China
95,City_95,Australia
58,City_58,Germany
75,City_75,Canada
30,City_30,UK
79,City_79,Canada
40,City_40,Australia
2,City_2,Australia
80,City_80,Canada
78,City_78,Japan
37,City_37,USA
67,City_67,Germany
8,City_8,Australia
83,City_83,Japan
76,City_76,Australia
66,City_66,Australia
59,City_59,France
31,City_31,USA
28,City_28,UK
100,City_100,China
17,City_17,Germany
72,City_72,UK
57,City_57,UK
54,City_54,UK
69,City_69,Canada
48,City_48,China
26,City_26,China
53,City_53,Australia
12,City_12,Japan
6,City_6,China
29,City_29,Australia
85,City_85,Australia
61,City_61,France
18,City_18,China
64,City_64,UK
63,City_63,Japan
55,City_55,Germany
21,City_21,Germany
19,City_19,UK
74,City_74,Canada
98,City_98,USA
5,City_5,Germany
60,City_60,China
97,City_97,Australia
101,City_101,China
102,City_102,China
103,City_103,Germany
104,City_104,China
105,City_105,Australia
106,City_106,Germany
107,City_107,China
108,City_108,France
109,City_109,Germany
110,City_110,Japan
111,City_111,USA
112,City_112,China
113,City_113,USA
114,City_114,France
115,City_115,UK
116,City_116,Germany
117,City_117,Japan
118,City_118,France
119,City_119,Japan
120,City_120,China
121,City_121,Australia
122,City_122,Germany
123,City_123,Germany
124,City_124,UK
125,City_125,Australia
126,City_126,Japan
127,City_127,USA
128,City_128,Japan
129,City_129,Japan
130,City_130,Japan
131,City_131,UK
132,City_132,Germany
133,City_133,Canada
134,City_134,Canada
135,City_135,Canada
136,City_136,USA
137,City_137,UK
138,City_138,Canada
139,City_139,Japan
140,City_140,Australia
141,City_141,France
142,City_142,UK
143,City_143,France
144,City_144,France
145,City_145,Germany
146,City_146,UK
147,City_147,Canada
148,City_148,Japan
149,City_149,Canada
150,City_150,USA
151,City_151,China
152,City_152,Australia
153,City_153,Canada
154,City_154,China
155,City_155,China
156,City_156,UK
157,City_157,Germany
158,City_158,Canada
159,City_159,Canada
160,City_160,France
161,City_161,USA
162,City_162,France
163,City_163,France
164,City_164,Japan
165,City_165,Australia
166,City_166,Australia
167,City_167,USA
168,City_168,UK
169,City_169,China
170,City_170,China
171,City_171,Germany
172,City_172,UK
173,City_173,China
174,City_174,Germany
175,City_175,Canada
176,City_176,Australia
177,City_177,Australia
178,City_178,Germany
179,City_179,Australia
180,City_180,Canada
181,City_181,Germany
182,City_182,USA
183,City_183,USA
184,City_184,China
185,City_185,Japan
186,City_186,China
187,City_187,Germany
188,City_188,Australia
189,City_189,Canada
190,City_190,Germany
191,City_191,UK
192,City_192,Australia
193,City_193,Australia
194,City_194,USA
195,City_195,France
196,City_196,UK
197,City_197,Germany
198,City_198,France
199,City_199,Canada
200,City_200,France
201,City_201,France
202,City_202,Australia
203,City_203,USA
204,City_204,UK
205,City_205,USA
206,City_206,Japan
207,City_207,France
208,City_208,UK
209,City_209,Germany
210,City_210,Australia
211,City_211,UK
212,City_212,France
213,City_213,France
214,City_214,France
215,City_215,UK
216,City_216,Japan
217,City_217,UK
218,City_218,Australia
219,City_219,Australia
220,City_220,Canada
221,City_221,UK
222,City_222,UK
223,City_223,USA
224,City_224,Australia
225,City_225,China
226,City_226,China
227,City_227,Germany
228,City_228,Canada
229,City_229,China
230,City_230,Australia
231,City_231,Canada
232,City_232,Japan
233,City_233,UK
234,City_234,USA
235,City_235,Germany
236,City_236,Australia
237,City_237,Germany
238,City_238,UK
239,City_239,UK
240,City_240,Japan
241,City_241,USA
242,City_242,Canada
243,City_243,Canada
244,City_244,Australia
245,City_245,UK
246,City_246,UK
247,City_247,Australia
248,City_248,Germany
249,City_249,UK
250,City_250,Australia
251,City_251,Australia
252,City_252,China
253,City_253,Germany
254,City_254,UK
255,City_255,Japan
256,City_256,China
257,City_257,Germany
258,City_258,Japan
259,City_259,Germany
260,City_260,Australia
261,City_261,USA
262,City_262,USA
263,City_263,USA
264,City_264,Germany
265,City_265,USA
266,City_266,Canada
267,City_267,France
268,City_268,France
269,City_269,Germany
270,City_270,France
271,City_271,Canada
272,City_272,Germany
273,City_273,Australia
274,City_274,USA
275,City_275,USA
276,City_276,France
277,City_277,China
278,City_278,USA
279,City_279,UK
280,City_280,France
281,City_281,China
282,City_282,Australia
283,City_283,UK
284,City_284,France
285,City_285,UK
286,City_286,China
287,City_287,UK
288,City_288,Australia
289,City_289,UK
290,City_290,Germany
291,City_291,China
292,City_292,UK
293,City_293,Australia
294,City_294,Japan
295,City_295,China
296,City_296,UK
297,City_297,USA
298,City_298,Australia
299,City_299,France
300,City_300,Germany
301,City_301,UK
302,City_302,Germany
303,City_303,USA
304,City_304,China
305,City_305,Japan
306,City_306,France
307,City_307,China
308,City_308,USA
309,City_309,UK
310,City_310,USA
311,City_311,USA
312,City_312,France
313,City_313,France
314,City_314,UK
315,City_315,Japan
316,City_316,China
317,City_317,Australia
318,City_318,UK
319,City_319,China
320,City_320,Australia
321,City_321,UK
322,City_322,Japan
323,City_323,Japan
324,City_324,Germany
325,City_325,China
326,City_326,Canada
327,City_327,China
328,City_328,Japan
329,City_329,Canada
330,City_330,Canada
331,City_331,UK
332,City_332,Australia
333,City_333,China
334,City_334,Canada
335,City_335,USA
336,City_336,USA
337,City_337,USA
338,City_338,France
339,City_339,Australia
340,City_340,Australia
341,City_341,Japan
342,City_342,Germany
343,City_343,UK
344,City_344,France
345,City_345,UK
346,City_346,France
347,City_347,UK
348,City_348,USA
349,City_349,Japan
350,City_350,Germany
351,City_351,Japan
352,City_352,USA
353,City_353,Japan
354,City_354,UK
355,City_355,China
356,City_356,Japan
357,City_357,France
358,City_358,France
359,City_359,Canada
360,City_360,Canada
361,City_361,France
362,City_362,Germany
363,City_363,USA
364,City_364,USA
365,City_365,China
366,City_366,USA
367,City_367,Germany
368,City_368,Canada
369,City_369,USA
370,City_370,Canada
371,City_371,France
372,City_372,UK
373,City_373,Japan
374,City_374,Canada
375,City_375,UK
376,City_376,USA
377,City_377,Australia
378,City_378,UK
379,City_379,USA
380,City_380,Canada
381,City_381,Japan
382,City_382,Australia
383,City_383,Japan
384,City_384,Japan
385,City_385,Canada
386,City_386,Canada
387,City_387,Japan
388,City_388,USA
389,City_389,China
390,City_390,China
391,City_391,Japan
392,City_392,Australia
393,City_393,USA
394,City_394,USA
395,City_395,UK
396,City_396,France
397,City_397,Japan
398,City_398,Canada
399,City_399,Canada
400,City_400,Japan
401,City_401,Germany
402,City_402,Australia
403,City_403,France
404,City_404,UK
405,City_405,USA
406,City_406,France
407,City_407,Canada
408,City_408,China
409,City_409,UK
410,City_410,China
411,City_411,UK
412,City_412,France
413,City_413,China
414,City_414,Germany
415,City_415,China
416,City_416,UK
417,City_417,Japan
418,City_418,UK
419,City_419,Canada
420,City_420,UK
421,City_421,UK
422,City_422,Canada
423,City_423,UK
424,City_424,USA
425,City_425,Australia
426,City_426,USA
427,City_427,Germany
428,City_428,China
429,City_429,France
430,City_430,France
431,City_431,USA
432,City_432,Germany
433,City_433,UK
434,City_434,USA
435,City_435,Germany
436,City_436,Japan
437,City_437,France
438,City_438,Germany
439,City_439,USA
440,City_440,UK
441,City_441,USA
442,City_442,UK
443,City_443,Germany
444,City_444,Australia
445,City_445,Japan
446,City_446,UK
447,City_447,France
448,City_448,Germany
449,City_449,UK
450,City_450,Canada
451,City_451,UK
452,City_452,Japan
453,City_453,Australia
454,City_454,China
455,City_455,China
456,City_456,UK
457,City_457,UK
458,City_458,Canada
459,City_459,Germany
460,City_460,Canada
461,City_461,Australia
462,City_462,Germany
463,City_463,China
464,City_464,France
465,City_465,UK
466,City_466,China
467,City_467,Japan
468,City_468,Australia
469,City_469,Japan
470,City_470,Canada
471,City_471,USA
472,City_472,Germany
473,City_473,Japan
474,City_474,USA
475,City_475,France
476,City_476,Japan
477,City_477,Canada
478,City_478,China
479,City_479,Germany
480,City_480,Japan
481,City_481,Germany
482,City_482,Australia
483,City_483,France
484,City_484,USA
485,City_485,Japan
486,City_486,Japan
487,City_487,Canada
488,City_488,USA
489,City_489,UK
490,City_490,France
491,City_491,UK
492,City_492,China
493,City_493,UK
494,City_494,Canada
495,City_495,USA
496,City_496,Japan
497,City_497,USA
498,City_498,France
499,City_499,Australia
500,City_500,Canada
501,City_501,China
502,City_502,Australia
503,City_503,China
504,City_504,UK
505,City_505,UK
506,City_506,France
507,City_507,USA
508,City_508,Australia
509,City_509,Australia
510,City_510,Canada
511,City_511,Japan
512,City_512,Canada
513,City_513,Japan
514,City_514,USA
515,City_515,Japan
516,City_516,China
517,City_517,UK
518,City_518,Germany
519,City_519,Germany
520,City_520,Japan
521,City_521,France
522,City_522,Canada
523,City_523,Japan
524,City_524,China
525,City_525,Australia
526,City_526,USA
527,City_527,Canada
528,City_528,Japan
529,City_529,Germany
530,City_530,China
531,City_531,USA
532,City_532,Canada
533,City_533,Japan
534,City_534,China
535,City_535,Australia
536,City_536,China
537,City_537,France
538,City_538,Canada
539,City_539,Canada
540,City_540,USA
541,City_541,Canada
542,City_542,France
543,City_543,Japan
544,City_544,Canada
545,City_545,USA
546,City_546,USA
547,City_547,Germany
548,City_548,Germany
549,City_549,USA
550,City_550,Canada
551,City_551,France
552,City_552,Australia
553,City_553,USA
554,City_554,China
555,City_555,Australia
556,City_556,UK
557,City_557,USA
558,City_558,Australia
559,City_559,Australia
560,City_560,Australia
561,City_561,Germany
562,City_562,UK
563,City_563,Australia
564,City_564,Japan
565,City_565,Germany
566,City_566,Germany
567,City_567,USA
568,City_568,Canada
569,City_569,USA
570,City_570,Australia
571,City_571,Germany
572,City_572,Japan
573,City_573,Japan
574,City_574,China
575,City_575,USA
576,City_576,USA
577,City_577,Japan
578,City_578,Japan
579,City_579,USA
580,City_580,France
581,City_581,China
582,City_582,UK
583,City_583,UK
584,City_584,China
585,City_585,China
586,City_586,Canada
587,City_587,France
588,City_588,China
589,City_589,China
590,City_590,Canada
591,City_591,Germany
592,City_592,France
593,City_593,Canada
594,City_594,USA
595,City_595,China
596,City_596,USA
597,City_597,Japan
598,City_598,USA
599,City_599,Canada
600,City_600,Australia
601,City_601,Australia
602,City_602,Canada
603,City_603,Germany
604,City_604,UK
605,City_605,Japan
606,City_606,China
607,City_607,Germany
608,City_608,Germany
609,City_609,Japan
610,City_610,Canada
611,City_611,China
612,City_612,Japan
613,City_613,Japan
614,City_614,France
615,City_615,Japan
616,City_616,Japan
617,City_617,Canada
618,City_618,UK
619,City_619,Australia
620,City_620,Japan
621,City_621,China
622,City_622,France
623,City_623,France
624,City_624,Germany
625,City_625,Germany
626,City_626,USA
627,City_627,USA
628,City_628,Germany
629,City_629,France
630,City_630,Japan
631,City_631,USA
632,City_632,France
633,City_633,Canada
634,City_634,Germany
635,City_635,UK
636,City_636,UK
637,City_637,France
638,City_638,USA
639,City_639,UK
640,City_640,Germany
641,City_641,China
642,City_642,UK
643,City_643,Australia
644,City_644,Canada
645,City_645,USA
646,City_646,UK
647,City_647,Japan
648,City_648,Canada
649,City_649,France
650,City_650,China
651,City_651,UK
652,City_652,China
653,City_653,Germany
654,City_654,Australia
655,City_655,China
656,City_656,France
657,City_657,Germany
658,City_658,France
659,City_659,UK
660,City_660,China
661,City_661,Japan
662,City_662,Canada
663,City_663,USA
664,City_664,Japan
665,City_665,France
666,City_666,USA
667,City_667,UK
668,City_668,Canada
669,City_669,France
670,City_670,Japan
671,City_671,USA
672,City_672,UK
673,City_673,Australia
674,City_674,Australia
675,City_675,Canada
676,City_676,France
677,City_677,China
678,City_678,Germany
679,City_679,Germany
680,City_680,France
681,City_681,Germany
682,City_682,Japan
683,City_683,China
684,City_684,Australia
685,City_685,Japan
686,City_686,USA
687,City_687,China
688,City_688,Australia
689,City_689,USA
690,City_690,USA
691,City_691,France
692,City_692,USA
693,City_693,France
694,City_694,UK
695,City_695,UK
696,City_696,UK
697,City_697,Australia
698,City_698,France
699,City_699,France
700,City_700,China
701,City_701,Canada
702,City_702,China
703,City_703,UK
704,City_704,Japan
705,City_705,France
706,City_706,China
707,City_707,China
708,City_708,USA
709,City_709,Canada
710,City_710,China
711,City_711,Japan
712,City_712,China
713,City_713,Canada
714,City_714,Japan
715,City_715,China
716,City_716,Australia
717,City_717,Australia
718,City_718,UK
719,City_719,Australia
720,City_720,China
721,City_721,Australia
722,City_722,China
723,City_723,Japan
724,City_724,China
725,City_725,China
726,City_726,USA
727,City_727,Germany
728,City_728,Japan
729,City_729,Canada
730,City_730,France
731,City_731,UK
732,City_732,Australia
733,City_733,China
734,City_734,China
735,City_735,China
736,City_736,China
737,City_737,Japan
738,City_738,Australia
739,City_739,Germany
740,City_740,China
741,City_741,Germany
742,City_742,Germany
743,City_743,Australia
744,City_744,Germany
745,City_745,UK
746,City_746,Canada
747,City_747,China
748,City_748,France
749,City_749,UK
750,City_750,China
751,City_751,Japan
752,City_752,Canada
753,City_753,USA
754,City_754,UK
755,City_755,France
756,City_756,Canada
757,City_757,Australia
758,City_758,Germany
759,City_759,Germany
760,City_760,France
761,City_761,China
762,City_762,Canada
763,City_763,Australia
764,City_764,Germany
765,City_765,USA
766,City_766,Japan
767,City_767,France
768,City_768,Germany
769,City_769,USA
770,City_770,Australia
771,City_771,Germany
772,City_772,Japan
773,City_773,Canada
774,City_774,Germany
775,City_775,Canada
776,City_776,Germany
777,City_777,Australia
778,City_778,USA
779,City_779,France
780,City_780,UK
781,City_781,USA
782,City_782,Canada
783,City_783,France
784,City_784,Australia
785,City_785,Germany
786,City_786,China
787,City_787,Japan
788,City_788,USA
789,City_789,Germany
790,City_790,UK
791,City_791,USA
792,City_792,Australia
793,City_793,Japan
794,City_794,UK
795,City_795,Australia
796,City_796,UK
797,City_797,UK
798,City_798,Germany
799,City_799,UK
800,City_800,France
801,City_801,China
802,City_802,France
803,City_803,France
804,City_804,Canada
805,City_805,USA
806,City_806,Canada
807,City_807,Japan
808,City_808,China
809,City_809,USA
810,City_810,Australia
811,City_811,Japan
812,City_812,UK
813,City_813,China
814,City_814,USA
815,City_815,USA
816,City_816,Germany
817,City_817,UK
818,City_818,Canada
819,City_819,China
820,City_820,France
821,City_821,Canada
822,City_822,Germany
823,City_823,Australia
824,City_824,France
825,City_825,UK
826,City_826,UK
827,City_827,China
828,City_828,UK
829,City_829,China
830,City_830,Germany
831,City_831,Australia
832,City_832,Canada
833,City_833,Germany
834,City_834,Australia
835,City_835,France
836,City_836,Japan
837,City_837,Japan
838,City_838,Japan
839,City_839,Australia
840,City_840,USA
841,City_841,Australia
842,City_842,France
843,City_843,UK
844,City_844,Germany
845,City_845,China
846,City_846,UK
847,City_847,France
848,City_848,China
849,City_849,Germany
850,City_850,Australia
851,City_851,Australia
852,City_852,France
853,City_853,France
854,City_854,Canada
855,City_855,Australia
856,City_856,China
857,City_857,Australia
858,City_858,UK
859,City_859,Japan
860,City_860,France
861,City_861,Japan
862,City_862,Japan
863,City_863,Japan
864,City_864,China
865,City_865,Japan
866,City_866,Australia
867,City_867,Australia
868,City_868,USA
869,City_869,Germany
870,City_870,Japan
871,City_871,Canada
872,City_872,France
873,City_873,Canada
874,City_874,UK
875,City_875,Germany
876,City_876,USA
877,City_877,France
878,City_878,UK
879,City_879,USA
880,City_880,China
881,City_881,Germany
882,City_882,UK
883,City_883,China
884,City_884,USA
885,City_885,Canada
886,City_886,USA
887,City_887,Canada
888,City_888,Australia
889,City_889,UK
890,City_890,France
891,City_891,China
892,City_892,Germany
893,City_893,Germany
894,City_894,Germany
895,City_895,USA
896,City_896,Australia
897,City_897,France
898,City_898,Canada
899,City_899,China
900,City_900,China
901,City_901,USA
902,City_902,Canada
903,City_903,Canada
904,City_904,UK
905,City_905,Japan
906,City_906,Australia
907,City_907,France
908,City_908,Japan
909,City_909,Canada
910,City_910,Japan
911,City_911,Germany
912,City_912,USA
913,City_913,Australia
914,City_914,Germany
915,City_915,Germany
916,City_916,USA
917,City_917,UK
918,City_918,Japan
919,City_919,France
920,City_920,UK
921,City_921,Canada
922,City_922,Australia
923,City_923,Canada
924,City_924,USA
925,City_925,USA
926,City_926,Australia
927,City_927,Canada
928,City_928,Japan
929,City_929,Australia
930,City_930,Germany
931,City_931,France
932,City_932,USA
933,City_933,Germany
934,City_934,UK
935,City_935,Japan
936,City_936,Japan
937,City_937,Germany
938,City_938,France
939,City_939,France
940,City_940,UK
941,City_941,Japan
942,City_942,Germany
943,City_943,France
944,City_944,Japan
945,City_945,Canada
946,City_946,USA
947,City_947,Germany
948,City_948,France
949,City_949,Australia
950,City_950,UK
951,City_951,Germany
952,City_952,Canada
953,City_953,France
954,City_954,Canada
955,City_955,Canada
956,City_956,Canada
957,City_957,Germany
958,City_958,Australia
959,City_959,USA
960,City_960,Japan
961,City_961,Japan
962,City_962,France
963,City_963,Canada
964,City_964,China
965,City_965,Canada
966,City_966,France
967,City_967,Germany
968,City_968,Canada
969,City_969,Japan
970,City_970,Japan
971,City_971,France
972,City_972,UK
973,City_973,France
974,City_974,Australia
975,City_975,Japan
976,City_976,Canada
977,City_977,China
978,City_978,Canada
979,City_979,UK
980,City_980,Japan
981,City_981,Germany
982,City_982,USA
983,City_983,China
984,City_984,Canada
985,City_985,Australia
986,City_986,China
987,City_987,Australia
988,City_988,UK
989,City_989,Japan
990,City_990,France
991,City_991,USA
992,City_992,USA
993,City_993,Germany
994,City_994,France
995,City_995,Canada
996,City_996,China
997,City_997,Australia
998,City_998,Canada
999,City_999,France
1000,City_1000,Germany
1001,City_1001,Japan
1002,City_1002,Germany
1003,City_1003,Japan
1004,City_1004,USA
1005,City_1005,Germany
1006,City_1006,UK
1007,City_1007,Canada
1008,City_1008,Germany
1009,City_1009,UK
1010,City_1010,Canada
1011,City_1011,USA
1012,City_1012,USA
1013,City_1013,Australia
1014,City_1014,Japan
1015,City_1015,UK
1016,City_1016,Australia
1017,City_1017,Australia
1018,City_1018,Australia
1019,City_1019,UK
1020,City_1020,China
1021,City_1021,Germany
1022,City_1022,Japan
1023,City_1023,Japan
1024,City_1024,Canada
1025,City_1025,France
1026,City_1026,France
1027,City_1027,China
1028,City_1028,France
1029,City_1029,China
1030,City_1030,Canada
1031,City_1031,Japan
1032,City_1032,France
1033,City_1033,France
1034,City_1034,France
1035,City_1035,China
1036,City_1036,France
1037,City_1037,USA
1038,City_1038,China
1039,City_1039,Japan
1040,City_1040,France
1041,City_1041,France
1042,City_1042,France
1043,City_1043,Germany
1044,City_1044,Canada
1045,City_1045,France
1046,City_1046,Japan
1047,City_1047,Canada
1048,City_1048,Canada
1049,City_1049,Canada
1050,City_1050,Japan
1051,City_1051,France
1052,City_1052,UK
1053,City_1053,Japan
1054,City_1054,Germany
1055,City_1055,Australia
1056,City_1056,Australia
1057,City_1057,USA
1058,City_1058,Japan
1059,City_1059,Canada
1060,City_1060,Germany
1061,City_1061,Germany
1062,City_1062,Canada
1063,City_1063,Germany
1064,City_1064,Germany
1065,City_1065,USA
1066,City_1066,China
1067,City_1067,Japan
1068,City_1068,Germany
1069,City_1069,France
1070,City_1070,Japan
1071,City_1071,UK
1072,City_1072,Canada
1073,City_1073,Japan
1074,City_1074,Australia
1075,City_1075,USA
1076,City_1076,Canada
1077,City_1077,France
1078,City_1078,France
1079,City_1079,Australia
1080,City_1080,Canada
1081,City_1081,UK
1082,City_1082,UK
1083,City_1083,UK
1084,City_1084,Germany
1085,City_1085,Canada
1086,City_1086,Australia
1087,City_1087,USA
1088,City_1088,Australia
1089,City_1089,Germany
1090,City_1090,Australia
1091,City_1091,UK
1092,City_1092,France
1093,City_1093,China
1094,City_1094,Japan
1095,City_1095,France
1096,City_1096,China
1097,City_1097,Germany
1098,City_1098,UK
1099,City_1099,USA
1100,City_1100,China
1101,City_1101,Japan
1102,City_1102,France
1103,City_1103,Australia
1104,City_1104,China
1105,City_1105,Australia
1106,City_1106,Australia
1107,City_1107,Canada
1108,City_1108,Australia
1109,City_1109,Japan
1110,City_1110,USA
1111,City_1111,USA
1112,City_1112,UK
1113,City_1113,Germany
1114,City_1114,Japan
1115,City_1115,Japan
1116,City_1116,USA
1117,City_1117,France
1118,City_1118,France
1119,City_1119,Australia
1120,City_1120,China
1121,City_1121,UK
1122,City_1122,UK
1123,City_1123,Canada
1124,City_1124,Germany
1125,City_1125,Germany
1126,City_1126,France
1127,City_1127,France
1128,City_1128,Canada
1129,City_1129,China
1130,City_1130,Australia
1131,City_1131,Japan
1132,City_1132,USA
1133,City_1133,Canada
1134,City_1134,China
1135,City_1135,USA
1136,City_1136,France
1137,City_1137,China
1138,City_1138,France
1139,City_1139,Japan
1140,City_1140,China
1141,City_1141,China
1142,City_1142,China
1143,City_1143,USA
1144,City_1144,Australia
1145,City_1145,USA
1146,City_1146,France
1147,City_1147,China
1148,City_1148,France
1149,City_1149,Canada
1150,City_1150,UK
1151,City_1151,USA
1152,City_1152,Germany
1153,City_1153,UK
1154,City_1154,China
1155,City_1155,Japan
1156,City_1156,USA
1157,City_1157,UK
1158,City_1158,USA
1159,City_1159,Canada
1160,City_1160,Japan
1161,City_1161,Germany
1162,City_1162,USA
1163,City_1163,China
1164,City_1164,Australia
1165,City_1165,USA
1166,City_1166,UK
1167,City_1167,Canada
1168,City_1168,Australia
1169,City_1169,France
1170,City_1170,USA
1171,City_1171,France
1172,City_1172,Japan
1173,City_1173,France
1174,City_1174,Japan
1175,City_1175,Canada
1176,City_1176,France
1177,City_1177,Australia
1178,City_1178,Canada
1179,City_1179,Germany
1180,City_1180,Canada
1181,City_1181,UK
1182,City_1182,UK
1183,City_1183,Japan
1184,City_1184,UK
1185,City_1185,Australia
1186,City_1186,France
1187,City_1187,France
1188,City_1188,France
1189,City_1189,USA
1190,City_1190,UK
1191,City_1191,France
1192,City_1192,Germany
1193,City_1193,France
1194,City_1194,USA
1195,City_1195,China
1196,City_1196,France
1197,City_1197,UK
1198,City_1198,USA
1199,City_1199,France
1200,City_1200,China
1201,City_1201,UK
1202,City_1202,China
1203,City_1203,UK
1204,City_1204,Canada
1205,City_1205,Japan
1206,City_1206,France
1207,City_1207,USA
1208,City_1208,Australia
1209,City_1209,USA
1210,City_1210,USA
1211,City_1211,UK
1212,City_1212,France
1213,City_1213,UK
1214,City_1214,Germany
1215,City_1215,Australia
1216,City_1216,Canada
1217,City_1217,Germany
1218,City_1218,Australia
1219,City_1219,USA
1220,City_1220,USA
1221,City_1221,Canada
1222,City_1222,UK
1223,City_1223,Japan
1224,City_1224,Australia
1225,City_1225,China
1226,City_1226,Japan
1227,City_1227,Germany
1228,City_1228,China
1229,City_1229,USA
1230,City_1230,China
1231,City_1231,France
1232,City_1232,Japan
1233,City_1233,Australia
1234,City_1234,France
1235,City_1235,Australia
1236,City_1236,UK
1237,City_1237,Germany
1238,City_1238,China
1239,City_1239,France
1240,City_1240,China
1241,City_1241,UK
1242,City_1242,France
1243,City_1243,Australia
1244,City_1244,France
1245,City_1245,China
1246,City_1246,Australia
1247,City_1247,Germany
1248,City_1248,Germany
1249,City_1249,USA
1250,City_1250,Canada
1251,City_1251,USA
1252,City_1252,Canada
1253,City_1253,Germany
1254,City_1254,France
1255,City_1255,Japan
1256,City_1256,Australia
1257,City_1257,Australia
1258,City_1258,UK
1259,City_1259,Japan
1260,City_1260,France
1261,City_1261,France
1262,City_1262,UK
1263,City_1263,Canada
1264,City_1264,France
1265,City_1265,China
1266,City_1266,USA
1267,City_1267,China
1268,City_1268,UK
1269,City_1269,UK
1270,City_1270,France
1271,City_1271,Germany
1272,City_1272,China
1273,City_1273,China
1274,City_1274,UK
1275,City_1275,USA
1276,City_1276,USA
1277,City_1277,Australia
1278,City_1278,Australia
1279,City_1279,China
1280,City_1280,Germany
1281,City_1281,USA
1282,City_1282,Germany
1283,City_1283,France
1284,City_1284,UK
1285,City_1285,France
1286,City_1286,France
1287,City_1287,Canada
1288,City_1288,France
1289,City_1289,Japan
1290,City_1290,Japan
1291,City_1291,USA
1292,City_1292,Canada
1293,City_1293,Australia
1294,City_1294,Germany
1295,City_1295,Canada
1296,City_1296,Canada
1297,City_1297,Japan
1298,City_1298,China
1299,City_1299,Germany
1300,City_1300,USA
1301,City_1301,Canada
1302,City_1302,France
1303,City_1303,France
1304,City_1304,Japan
1305,City_1305,USA
1306,City_1306,Japan
1307,City_1307,Germany
1308,City_1308,China
1309,City_1309,France
1310,City_1310,Canada
1311,City_1311,Canada
1312,City_1312,UK
1313,City_1313,Japan
1314,City_1314,Canada
1315,City_1315,Germany
1316,City_1316,Germany
1317,City_1317,Germany
1318,City_1318,Germany
1319,City_1319,Japan
1320,City_1320,China
1321,City_1321,UK
1322,City_1322,UK
1323,City_1323,USA
1324,City_1324,China
1325,City_1325,UK
1326,City_1326,China
1327,City_1327,Canada
1328,City_1328,China
1329,City_1329,Canada
1330,City_1330,France
1331,City_1331,Germany
1332,City_1332,Japan
1333,City_1333,Canada
1334,City_1334,UK
1335,City_1335,China
1336,City_1336,China
1337,City_1337,Australia
1338,City_1338,Japan
1339,City_1339,France
1340,City_1340,Germany
1341,City_1341,USA
1342,City_1342,Canada
1343,City_1343,Japan
1344,City_1344,Canada
1345,City_1345,Japan
1346,City_1346,Australia
1347,City_1347,Germany
1348,City_1348,USA
1349,City_1349,China
1350,City_1350,China
1351,City_1351,USA
1352,City_1352,Japan
1353,City_1353,USA
1354,City_1354,Canada
1355,City_1355,Japan
1356,City_1356,China
1357,City_1357,Canada
1358,City_1358,China
1359,City_1359,Germany
1360,City_1360,Japan
1361,City_1361,USA
1362,City_1362,China
1363,City_1363,Japan
1364,City_1364,China
1365,City_1365,USA
1366,City_1366,Japan
1367,City_1367,UK
1368,City_1368,Canada
1369,City_1369,Canada
1370,City_1370,Germany
1371,City_1371,Australia
1372,City_1372,France
1373,City_1373,Canada
1374,City_1374,USA
1375,City_1375,Canada
1376,City_1376,France
1377,City_1377,China
1378,City_1378,UK
1379,City_1379,Japan
1380,City_1380,Germany
1381,City_1381,Japan
1382,City_1382,China
1383,City_1383,France
1384,City_1384,UK
1385,City_1385,China
1386,City_1386,Australia
1387,City_1387,Canada
1388,City_1388,USA
1389,City_1389,Canada
1390,City_1390,Germany
1391,City_1391,Canada
1392,City_1392,Australia
1393,City_1393,USA
1394,City_1394,China
1395,City_1395,Germany
1396,City_1396,France
1397,City_1397,China
1398,City_1398,USA
1399,City_1399,USA
1400,City_1400,Japan
1401,City_1401,UK
1402,City_1402,China
1403,City_1403,Canada
1404,City_1404,China
1405,City_1405,China
1406,City_1406,UK
1407,City_1407,UK
1408,City_1408,Canada
1409,City_1409,Australia
1410,City_1410,UK
1411,City_1411,Canada
1412,City_1412,Japan
1413,City_1413,Canada
1414,City_1414,Germany
1415,City_1415,China
1416,City_1416,Germany
1417,City_1417,Australia
1418,City_1418,France
1419,City_1419,UK
1420,City_1420,Canada
1421,City_1421,Canada
1422,City_1422,Australia
1423,City_1423,Canada
1424,City_1424,Canada
1425,City_1425,USA
1426,City_1426,Australia
1427,City_1427,Germany
1428,City_1428,USA
1429,City_1429,Canada
1430,City_1430,China
1431,City_1431,Australia
1432,City_1432,China
1433,City_1433,USA
1434,City_1434,China
1435,City_1435,China
1436,City_1436,France
1437,City_1437,Japan
1438,City_1438,Canada
1439,City_1439,France
1440,City_1440,Canada
1441,City_1441,France
1442,City_1442,China
1443,City_1443,Japan
1444,City_1444,Canada
1445,City_1445,China
1446,City_1446,Australia
1447,City_1447,Australia
1448,City_1448,Australia
1449,City_1449,China
1450,City_1450,Australia
1451,City_1451,France
1452,City_1452,Australia
1453,City_1453,USA
1454,City_1454,China
1455,City_1455,France
1456,City_1456,Australia
1457,City_1457,China
1458,City_1458,China
1459,City_1459,Germany
1460,City_1460,UK
1461,City_1461,Australia
1462,City_1462,Australia
1463,City_1463,Canada
1464,City_1464,Germany
1465,City_1465,Germany
1466,City_1466,France
1467,City_1467,Germany
1468,City_1468,Canada
1469,City_1469,Australia
1470,City_1470,Japan
1471,City_1471,USA
1472,City_1472,UK
1473,City_1473,France
1474,City_1474,China
1475,City_1475,France
1476,City_1476,Germany
1477,City_1477,USA
1478,City_1478,USA
1479,City_1479,China
1480,City_1480,Canada
1481,City_1481,China
1482,City_1482,Japan
1483,City_1483,Australia
1484,City_1484,Canada
1485,City_1485,China
1486,City_1486,China
1487,City_1487,UK
1488,City_1488,France
1489,City_1489,Australia
1490,City_1490,France
1491,City_1491,USA
1492,City_1492,China
1493,City_1493,UK
1494,City_1494,Australia
1495,City_1495,Germany
1496,City_1496,Japan
1497,City_1497,France
1498,City_1498,UK
1499,City_1499,Germany
1500,City_1500,Canada
1501,City_1501,UK
1502,City_1502,Japan
1503,City_1503,China
1504,City_1504,France
1505,City_1505,Germany
1506,City_1506,UK
1507,City_1507,China
1508,City_1508,Germany
1509,City_1509,China
1510,City_1510,UK
1511,City_1511,China
1512,City_1512,UK
1513,City_1513,France
1514,City_1514,France
1515,City_1515,France
1516,City_1516,Japan
1517,City_1517,China
1518,City_1518,UK
1519,City_1519,Australia
1520,City_1520,Canada
1521,City_1521,Japan
1522,City_1522,China
1523,City_1523,UK
1524,City_1524,Canada
1525,City_1525,Canada
1526,City_1526,Germany
1527,City_1527,Australia
1528,City_1528,Germany
1529,City_1529,USA
1530,City_1530,Japan
1531,City_1531,France
1532,City_1532,Germany
1533,City_1533,Japan
1534,City_1534,Australia
1535,City_1535,China
1536,City_1536,China
1537,City_1537,Canada
1538,City_1538,China
1539,City_1539,USA
1540,City_1540,UK
1541,City_1541,Australia
1542,City_1542,Japan
1543,City_1543,Canada
1544,City_1544,France
1545,City_1545,Australia
1546,City_1546,Canada
1547,City_1547,Canada
1548,City_1548,Germany
1549,City_1549,UK
1550,City_1550,Australia
1551,City_1551,Japan
1552,City_1552,Germany
1553,City_1553,Japan
1554,City_1554,Germany
1555,City_1555,Germany
1556,City_1556,Japan
1557,City_1557,UK
1558,City_1558,UK
1559,City_1559,Australia
1560,City_1560,Japan
1561,City_1561,UK
1562,City_1562,Australia
1563,City_1563,UK
1564,City_1564,Australia
1565,City_1565,Canada
1566,City_1566,Australia
1567,City_1567,UK
1568,City_1568,Japan
1569,City_1569,China
1570,City_1570,UK
1571,City_1571,Japan
1572,City_1572,UK
1573,City_1573,France
1574,City_1574,USA
1575,City_1575,Japan
1576,City_1576,Japan
1577,City_1577,France
1578,City_1578,UK
1579,City_1579,France
1580,City_1580,Canada
1581,City_1581,Canada
1582,City_1582,Australia
1583,City_1583,UK
1584,City_1584,Canada
1585,City_1585,Australia
1586,City_1586,Japan
1587,City_1587,Japan
1588,City_1588,UK
1589,City_1589,Germany
1590,City_1590,Germany
1591,City_1591,China
1592,City_1592,Canada
1593,City_1593,Australia
1594,City_1594,China
1595,City_1595,Australia
1596,City_1596,China
1597,City_1597,UK
1598,City_1598,Australia
1599,City_1599,China
1600,City_1600,Canada
1601,City_1601,Japan
1602,City_1602,Japan
1603,City_1603,Japan
1604,City_1604,China
1605,City_1605,USA
1606,City_1606,Germany
1607,City_1607,Canada
1608,City_1608,USA
1609,City_1609,Japan
1610,City_1610,Japan
1611,City_1611,Germany
1612,City_1612,Australia
1613,City_1613,Canada
1614,City_1614,USA
1615,City_1615,USA
1616,City_1616,Australia
1617,City_1617,France
1618,City_1618,Australia
1619,City_1619,Germany
1620,City_1620,USA
1621,City_1621,Germany
1622,City_1622,Germany
1623,City_1623,UK
1624,City_1624,Japan
1625,City_1625,Canada
1626,City_1626,Germany
1627,City_1627,France
1628,City_1628,Canada
1629,City_1629,China
1630,City_1630,Canada
1631,City_1631,Canada
1632,City_1632,Germany
1633,City_1633,USA
1634,City_1634,USA
1635,City_1635,UK
1636,City_1636,France
1637,City_1637,France
1638,City_1638,China
1639,City_1639,Germany
1640,City_1640,Japan
1641,City_1641,China
1642,City_1642,Germany
1643,City_1643,USA
1644,City_1644,Japan
1645,City_1645,France
1646,City_1646,China
1647,City_1647,France
1648,City_1648,Germany
1649,City_1649,Japan
1650,City_1650,USA
1651,City_1651,Canada
1652,City_1652,USA
1653,City_1653,USA
1654,City_1654,France
1655,City_1655,China
1656,City_1656,Japan
1657,City_1657,France
1658,City_1658,Canada
1659,City_1659,France
1660,City_1660,Canada
1661,City_1661,USA
1662,City_1662,Japan
1663,City_1663,China
1664,City_1664,USA
1665,City_1665,China
1666,City_1666,Australia
1667,City_1667,Japan
1668,City_1668,China
1669,City_1669,Germany
1670,City_1670,China
1671,City_1671,Canada
1672,City_1672,China
1673,City_1673,Germany
1674,City_1674,Canada
1675,City_1675,Japan
1676,City_1676,Australia
1677,City_1677,China
1678,City_1678,Australia
1679,City_1679,France
1680,City_1680,USA
1681,City_1681,USA
1682,City_1682,France
1683,City_1683,China
1684,City_1684,USA
1685,City_1685,Australia
1686,City_1686,China
1687,City_1687,Japan
1688,City_1688,UK
1689,City_1689,UK
1690,City_1690,USA
1691,City_1691,UK
1692,City_1692,USA
1693,City_1693,Canada
1694,City_1694,UK
1695,City_1695,Australia
1696,City_1696,France
1697,City_1697,USA
1698,City_1698,China
1699,City_1699,France
1700,City_1700,UK
1701,City_1701,Japan
1702,City_1702,Japan
1703,City_1703,China
1704,City_1704,Japan
1705,City_1705,Canada
1706,City_1706,USA
1707,City_1707,China
1708,City_1708,France
1709,City_1709,UK
1710,City_1710,Germany
1711,City_1711,China
1712,City_1712,China
1713,City_1713,USA
1714,City_1714,Germany
1715,City_1715,Canada
1716,City_1716,Germany
1717,City_1717,France
1718,City_1718,Australia
1719,City_1719,Japan
1720,City_1720,USA
1721,City_1721,Canada
1722,City_1722,USA
1723,City_1723,France
1724,City_1724,Canada
1725,City_1725,France
1726,City_1726,Germany
1727,City_1727,France
1728,City_1728,USA
1729,City_1729,Australia
1730,City_1730,France
1731,City_1731,Australia
1732,City_1732,Canada
1733,City_1733,France
1734,City_1734,USA
1735,City_1735,France
1736,City_1736,Canada
1737,City_1737,France
1738,City_1738,Canada
1739,City_1739,France
1740,City_1740,Australia
1741,City_1741,France
1742,City_1742,Japan
1743,City_1743,France
1744,City_1744,Australia
1745,City_1745,China
1746,City_1746,China
1747,City_1747,UK
1748,City_1748,China
1749,City_1749,USA
1750,City_1750,USA
1751,City_1751,Australia
1752,City_1752,China
1753,City_1753,China
1754,City_1754,Germany
1755,City_1755,Japan
1756,City_1756,UK
1757,City_1757,France
1758,City_1758,Australia
1759,City_1759,UK
1760,City_1760,Canada
1761,City_1761,Japan
1762,City_1762,China
1763,City_1763,UK
1764,City_1764,Australia
1765,City_1765,Canada
1766,City_1766,Canada
1767,City_1767,UK
1768,City_1768,Australia
1769,City_1769,Australia
1770,City_1770,USA
1771,City_1771,Japan
1772,City_1772,Canada
1773,City_1773,Japan
1774,City_1774,Japan
1775,City_1775,Canada
1776,City_1776,Canada
1777,City_1777,Australia
1778,City_1778,UK
1779,City_1779,China
1780,City_1780,UK
1781,City_1781,UK
1782,City_1782,Germany
1783,City_1783,USA
1784,City_1784,Germany
1785,City_1785,China
1786,City_1786,Australia
1787,City_1787,Germany
1788,City_1788,Canada
1789,City_1789,France
1790,City_1790,UK
1791,City_1791,Australia
1792,City_1792,Germany
1793,City_1793,Japan
1794,City_1794,Canada
1795,City_1795,Japan
1796,City_1796,Canada
1797,City_1797,Canada
1798,City_1798,Canada
1799,City_1799,UK
1800,City_1800,Germany
1801,City_1801,Canada
1802,City_1802,France
1803,City_1803,Australia
1804,City_1804,Japan
1805,City_1805,Australia
1806,City_1806,UK
1807,City_1807,Australia
1808,City_1808,China
1809,City_1809,USA
1810,City_1810,USA
1811,City_1811,Australia
1812,City_1812,France
1813,City_1813,USA
1814,City_1814,Australia
1815,City_1815,Australia
1816,City_1816,France
1817,City_1817,Australia
1818,City_1818,France
1819,City_1819,China
1820,City_1820,France
1821,City_1821,Canada
1822,City_1822,Canada
1823,City_1823,Australia
1824,City_1824,UK
1825,City_1825,Germany
1826,City_1826,China
1827,City_1827,USA
1828,City_1828,Germany
1829,City_1829,USA
1830,City_1830,UK
1831,City_1831,France
1832,City_1832,France
1833,City_1833,Canada
1834,City_1834,UK
1835,City_1835,UK
1836,City_1836,Australia
1837,City_1837,Canada
1838,City_1838,Japan
1839,City_1839,UK
1840,City_1840,Canada
1841,City_1841,China
1842,City_1842,Japan
1843,City_1843,Germany
1844,City_1844,Canada
1845,City_1845,China
1846,City_1846,UK
1847,City_1847,UK
1848,City_1848,Germany
1849,City_1849,France
1850,City_1850,France
1851,City_1851,China
1852,City_1852,Australia
1853,City_1853,Canada
1854,City_1854,Japan
1855,City_1855,Canada
1856,City_1856,China
1857,City_1857,Germany
1858,City_1858,USA
1859,City_1859,USA
1860,City_1860,UK
1861,City_1861,France
1862,City_1862,Japan
1863,City_1863,China
1864,City_1864,UK
1865,City_1865,Canada
1866,City_1866,China
1867,City_1867,Japan
1868,City_1868,Canada
1869,City_1869,Germany
1870,City_1870,China
1871,City_1871,USA
1872,City_1872,Australia
1873,City_1873,Germany
1874,City_1874,USA
1875,City_1875,Canada
1876,City_1876,Germany
1877,City_1877,Germany
1878,City_1878,China
1879,City_1879,UK
1880,City_1880,Japan
1881,City_1881,UK
1882,City_1882,China
1883,City_1883,Japan
1884,City_1884,USA
1885,City_1885,Canada
1886,City_1886,Germany
1887,City_1887,Australia
1888,City_1888,Canada
1889,City_1889,USA
1890,City_1890,Germany
1891,City_1891,Canada
1892,City_1892,Canada
1893,City_1893,Japan
1894,City_1894,Canada
1895,City_1895,Australia
1896,City_1896,Canada
1897,City_1897,USA
1898,City_1898,Australia
1899,City_1899,Australia
1900,City_1900,Canada
1901,City_1901,UK
1902,City_1902,Germany
1903,City_1903,China
1904,City_1904,Germany
1905,City_1905,China
1906,City_1906,Japan
1907,City_1907,Japan
1908,City_1908,USA
1909,City_1909,China
1910,City_1910,France
1911,City_1911,Germany
1912,City_1912,China
1913,City_1913,Japan
1914,City_1914,Japan
1915,City_1915,Canada
1916,City_1916,France
1917,City_1917,China
1918,City_1918,Japan
1919,City_1919,France
1920,City_1920,China
1921,City_1921,France
1922,City_1922,Australia
1923,City_1923,UK
1924,City_1924,USA
1925,City_1925,Australia
1926,City_1926,Australia
1927,City_1927,Canada
1928,City_1928,Germany
1929,City_1929,Canada
1930,City_1930,France
1931,City_1931,China
1932,City_1932,China
1933,City_1933,Canada
1934,City_1934,UK
1935,City_1935,UK
1936,City_1936,France
1937,City_1937,USA
1938,City_1938,Germany
1939,City_1939,UK
1940,City_1940,UK
1941,City_1941,China
1942,City_1942,Germany
1943,City_1943,France
1944,City_1944,China
1945,City_1945,France
1946,City_1946,Canada
1947,City_1947,France
1948,City_1948,Australia
1949,City_1949,Japan
1950,City_1950,France
1951,City_1951,Australia
1952,City_1952,UK
1953,City_1953,Australia
1954,City_1954,France
1955,City_1955,UK
1956,City_1956,USA
1957,City_1957,Australia
1958,City_1958,USA
1959,City_1959,France
1960,City_1960,Canada
1961,City_1961,China
1962,City_1962,USA
1963,City_1963,Canada
1964,City_1964,France
1965,City_1965,China
1966,City_1966,Japan
1967,City_1967,Japan
1968,City_1968,Japan
1969,City_1969,USA
1970,City_1970,UK
1971,City_1971,Germany
1972,City_1972,France
1973,City_1973,France
1974,City_1974,Germany
1975,City_1975,Australia
1976,City_1976,China
1977,City_1977,Germany
1978,City_1978,Canada
1979,City_1979,Australia
1980,City_1980,Canada
1981,City_1981,France
1982,City_1982,USA
1983,City_1983,Australia
1984,City_1984,China
1985,City_1985,USA
1986,City_1986,Japan
1987,City_1987,France
1988,City_1988,UK
1989,City_1989,China
1990,City_1990,Canada
1991,City_1991,UK
1992,City_1992,France
1993,City_1993,Australia
1994,City_1994,France
1995,City_1995,Canada
1996,City_1996,USA
1997,City_1997,USA
1998,City_1998,USA
1999,City_1999,Japan
2000,City_2000,USA
2001,City_2001,Germany
2002,City_2002,China
2003,City_2003,France
2004,City_2004,UK
2005,City_2005,Japan
2006,City_2006,China
2007,City_2007,China
2008,City_2008,China
2009,City_2009,Japan
2010,City_2010,Australia
2011,City_2011,Canada
2012,City_2012,Australia
2013,City_2013,Australia
2014,City_2014,Canada
2015,City_2015,Canada
2016,City_2016,USA
2017,City_2017,USA
2018,City_2018,Japan
2019,City_2019,USA
2020,City_2020,Australia
2021,City_2021,Germany
2022,City_2022,UK
2023,City_2023,Australia
2024,City_2024,France
2025,City_2025,Canada
2026,City_2026,USA
2027,City_2027,Japan
2028,City_2028,UK
2029,City_2029,Canada
2030,City_2030,China
2031,City_2031,Germany
2032,City_2032,Australia
2033,City_2033,Germany
2034,City_2034,Germany
2035,City_2035,USA
2036,City_2036,Canada
2037,City_2037,Australia
2038,City_2038,Japan
2039,City_2039,China
2040,City_2040,Canada
2041,City_2041,USA
2042,City_2042,Japan
2043,City_2043,Germany
2044,City_2044,Canada
2045,City_2045,Australia
2046,City_2046,France
2047,City_2047,Japan
2048,City_2048,USA
2049,City_2049,Germany
2050,City_2050,China
2051,City_2051,Australia
2052,City_2052,Australia
2053,City_2053,UK
2054,City_2054,USA
2055,City_2055,Germany
2056,City_2056,Canada
2057,City_2057,Germany
2058,City_2058,Australia
2059,City_2059,Australia
2060,City_2060,Japan
2061,City_2061,Germany
2062,City_2062,Australia
2063,City_2063,Japan
2064,City_2064,China
2065,City_2065,Canada
2066,City_2066,Canada
2067,City_2067,Germany
2068,City_2068,China
2069,City_2069,France
2070,City_2070,USA
2071,City_2071,Canada
2072,City_2072,Australia
2073,City_2073,Australia
2074,City_2074,Canada
2075,City_2075,France
2076,City_2076,Germany
2077,City_2077,USA
2078,City_2078,France
2079,City_2079,Australia
2080,City_2080,China
2081,City_2081,France
2082,City_2082,Australia
2083,City_2083,China
2084,City_2084,Canada
2085,City_2085,UK
2086,City_2086,Japan
2087,City_2087,China
2088,City_2088,France
2089,City_2089,Japan
2090,City_2090,Japan
2091,City_2091,Japan
2092,City_2092,Australia
2093,City_2093,UK
2094,City_2094,Australia
2095,City_2095,Australia
2096,City_2096,Japan
2097,City_2097,UK
2098,City_2098,Japan
2099,City_2099,Germany
2100,City_2100,China
2101,City_2101,Germany
2102,City_2102,Australia
2103,City_2103,USA
2104,City_2104,China
2105,City_2105,USA
2106,City_2106,Germany
2107,City_2107,Japan
2108,City_2108,Australia
2109,City_2109,Canada
2110,City_2110,Australia
2111,City_2111,Germany
2112,City_2112,Canada
2113,City_2113,Australia
2114,City_2114,China
2115,City_2115,USA
2116,City_2116,Japan
2117,City_2117,Japan
2118,City_2118,France
2119,City_2119,France
2120,City_2120,France
2121,City_2121,Japan
2122,City_2122,Japan
2123,City_2123,China
2124,City_2124,Japan
2125,City_2125,Japan
2126,City_2126,USA
2127,City_2127,Germany
2128,City_2128,Japan
2129,City_2129,Germany
2130,City_2130,Germany
2131,City_2131,China
2132,City_2132,Germany
2133,City_2133,Australia
2134,City_2134,China
2135,City_2135,Canada
2136,City_2136,Germany
2137,City_2137,Japan
2138,City_2138,Australia
2139,City_2139,Germany
2140,City_2140,Japan
2141,City_2141,UK
2142,City_2142,Germany
2143,City_2143,Germany
2144,City_2144,Germany
2145,City_2145,Japan
2146,City_2146,Australia
2147,City_2147,UK
2148,City_2148,Germany
2149,City_2149,Canada
2150,City_2150,UK
2151,City_2151,Canada
2152,City_2152,USA
2153,City_2153,UK
2154,City_2154,France
2155,City_2155,Germany
2156,City_2156,Japan
2157,City_2157,USA
2158,City_2158,Canada
2159,City_2159,Canada
2160,City_2160,Australia
2161,City_2161,Germany
2162,City_2162,China
2163,City_2163,Japan
2164,City_2164,Japan
2165,City_2165,Canada
2166,City_2166,Canada
2167,City_2167,Canada
2168,City_2168,Germany
2169,City_2169,China
2170,City_2170,Germany
2171,City_2171,USA
2172,City_2172,France
2173,City_2173,Japan
2174,City_2174,Japan
2175,City_2175,USA
2176,City_2176,UK
2177,City_2177,France
2178,City_2178,UK
2179,City_2179,Japan
2180,City_2180,Japan
2181,City_2181,Germany
2182,City_2182,UK
2183,City_2183,China
2184,City_2184,France
2185,City_2185,China
2186,City_2186,France
2187,City_2187,Japan
2188,City_2188,UK
2189,City_2189,Japan
2190,City_2190,Germany
2191,City_2191,Japan
2192,City_2192,China
2193,City_2193,Canada
2194,City_2194,Australia
2195,City_2195,Germany
2196,City_2196,France
2197,City_2197,USA
2198,City_2198,Canada
2199,City_2199,France
2200,City_2200,Canada
2201,City_2201,UK
2202,City_2202,France
2203,City_2203,Germany
2204,City_2204,Australia
2205,City_2205,Germany
2206,City_2206,France
2207,City_2207,China
2208,City_2208,Japan
2209,City_2209,Germany
2210,City_2210,UK
2211,City_2211,Germany
2212,City_2212,Germany
2213,City_2213,UK
2214,City_2214,China
2215,City_2215,France
2216,City_2216,China
2217,City_2217,Japan
2218,City_2218,Japan
2219,City_2219,Japan
2220,City_2220,Japan
2221,City_2221,Japan
2222,City_2222,Japan
2223,City_2223,Japan
2224,City_2224,Japan
2225,City_2225,China
2226,City_2226,China
2227,City_2227,China
2228,City_2228,UK
2229,City_2229,China
2230,City_2230,France
2231,City_2231,Germany
2232,City_2232,Australia
2233,City_2233,France
2234,City_2234,USA
2235,City_2235,France
2236,City_2236,France
2237,City_2237,Japan
2238,City_2238,USA
2239,City_2239,UK
2240,City_2240,France
2241,City_2241,UK
2242,City_2242,Canada
2243,City_2243,Germany
2244,City_2244,China
2245,City_2245,Japan
2246,City_2246,USA
2247,City_2247,Japan
2248,City_2248,Japan
2249,City_2249,China
2250,City_2250,France
2251,City_2251,China
2252,City_2252,Germany
2253,City_2253,France
2254,City_2254,Germany
2255,City_2255,USA
2256,City_2256,China
2257,City_2257,USA
2258,City_2258,Germany
2259,City_2259,Japan
2260,City_2260,France
2261,City_2261,France
2262,City_2262,China
2263,City_2263,Canada
2264,City_2264,Japan
2265,City_2265,UK
2266,City_2266,Japan
2267,City_2267,USA
2268,City_2268,UK
2269,City_2269,France
2270,City_2270,France
2271,City_2271,Germany
2272,City_2272,Japan
2273,City_2273,France
2274,City_2274,UK
2275,City_2275,USA
2276,City_2276,Australia
2277,City_2277,China
2278,City_2278,Australia
2279,City_2279,Australia
2280,City_2280,Australia
2281,City_2281,China
2282,City_2282,Australia
2283,City_2283,France
2284,City_2284,USA
2285,City_2285,Japan
2286,City_2286,Japan
2287,City_2287,Germany
2288,City_2288,Japan
2289,City_2289,China
2290,City_2290,China
2291,City_2291,France
2292,City_2292,Germany
2293,City_2293,USA
2294,City_2294,Japan
2295,City_2295,USA
2296,City_2296,Japan
2297,City_2297,USA
2298,City_2298,France
2299,City_2299,UK
2300,City_2300,Australia
2301,City_2301,China
2302,City_2302,China
2303,City_2303,France
2304,City_2304,France
2305,City_2305,Australia
2306,City_2306,Australia
2307,City_2307,UK
2308,City_2308,Japan
2309,City_2309,Japan
2310,City_2310,UK
2311,City_2311,Canada
2312,City_2312,China
2313,City_2313,Japan
2314,City_2314,France
2315,City_2315,Germany
2316,City_2316,Canada
2317,City_2317,Canada
2318,City_2318,France
2319,City_2319,UK
2320,City_2320,Canada
2321,City_2321,USA
2322,City_2322,Japan
2323,City_2323,Japan
2324,City_2324,Australia
2325,City_2325,UK
2326,City_2326,Japan
2327,City_2327,Japan
2328,City_2328,USA
2329,City_2329,Japan
2330,City_2330,USA
2331,City_2331,France
2332,City_2332,USA
2333,City_2333,Germany
2334,City_2334,Japan
2335,City_2335,Japan
2336,City_2336,Canada
2337,City_2337,Germany
2338,City_2338,Japan
2339,City_2339,USA
2340,City_2340,Japan
2341,City_2341,Japan
2342,City_2342,Germany
2343,City_2343,UK
2344,City_2344,France
2345,City_2345,France
2346,City_2346,Canada
2347,City_2347,Canada
2348,City_2348,Japan
2349,City_2349,Germany
2350,City_2350,Japan
2351,City_2351,Germany
2352,City_2352,France
2353,City_2353,UK
2354,City_2354,Canada
2355,City_2355,Canada
2356,City_2356,Germany
2357,City_2357,Germany
2358,City_2358,Australia
2359,City_2359,China
2360,City_2360,France
2361,City_2361,UK
2362,City_2362,Germany
2363,City_2363,China
2364,City_2364,Australia
2365,City_2365,Australia
2366,City_2366,UK
2367,City_2367,Australia
2368,City_2368,UK
2369,City_2369,USA
2370,City_2370,China
2371,City_2371,China
2372,City_2372,UK
2373,City_2373,Australia
2374,City_2374,Japan
2375,City_2375,Japan
2376,City_2376,Germany
2377,City_2377,Canada
2378,City_2378,Germany
2379,City_2379,UK
2380,City_2380,Canada
2381,City_2381,UK
2382,City_2382,China
2383,City_2383,Germany
2384,City_2384,China
2385,City_2385,Canada
2386,City_2386,Germany
2387,City_2387,USA
2388,City_2388,Canada
2389,City_2389,Australia
2390,City_2390,Germany
2391,City_2391,UK
2392,City_2392,Germany
2393,City_2393,Australia
2394,City_2394,France
2395,City_2395,France
2396,City_2396,UK
2397,City_2397,Germany
2398,City_2398,France
2399,City_2399,Japan
2400,City_2400,Australia
2401,City_2401,France
2402,City_2402,USA
2403,City_2403,France
2404,City_2404,Germany
2405,City_2405,Germany
2406,City_2406,China
2407,City_2407,UK
2408,City_2408,Australia
2409,City_2409,Japan
2410,City_2410,UK
2411,City_2411,USA
2412,City_2412,China
2413,City_2413,Australia
2414,City_2414,France
2415,City_2415,China
2416,City_2416,China
2417,City_2417,Canada
2418,City_2418,China
2419,City_2419,Canada
2420,City_2420,USA
2421,City_2421,Germany
2422,City_2422,France
2423,City_2423,USA
2424,City_2424,Canada
2425,City_2425,Germany
2426,City_2426,France
2427,City_2427,Canada
2428,City_2428,China
2429,City_2429,France
2430,City_2430,China
2431,City_2431,Australia
2432,City_2432,Japan
2433,City_2433,USA
2434,City_2434,China
2435,City_2435,USA
2436,City_2436,France
2437,City_2437,Germany
2438,City_2438,USA
2439,City_2439,China
2440,City_2440,Canada
2441,City_2441,Japan
2442,City_2442,Australia
2443,City_2443,France
2444,City_2444,Germany
2445,City_2445,Canada
2446,City_2446,Canada
2447,City_2447,China
2448,City_2448,Germany
2449,City_2449,UK
2450,City_2450,France
2451,City_2451,Germany
2452,City_2452,China
2453,City_2453,Germany
2454,City_2454,Japan
2455,City_2455,China
2456,City_2456,Australia
2457,City_2457,China
2458,City_2458,UK
2459,City_2459,Canada
2460,City_2460,Japan
2461,City_2461,Japan
2462,City_2462,Japan
2463,City_2463,USA
2464,City_2464,China
2465,City_2465,China
2466,City_2466,Japan
2467,City_2467,France
2468,City_2468,Germany
2469,City_2469,Canada
2470,City_2470,Germany
2471,City_2471,Japan
2472,City_2472,China
2473,City_2473,Australia
2474,City_2474,Australia
2475,City_2475,France
2476,City_2476,Australia
2477,City_2477,Germany
2478,City_2478,USA
2479,City_2479,China
2480,City_2480,UK
2481,City_2481,Japan
2482,City_2482,UK
2483,City_2483,UK
2484,City_2484,Japan
2485,City_2485,UK
2486,City_2486,Canada
2487,City_2487,Germany
2488,City_2488,Australia
2489,City_2489,Canada
2490,City_2490,Australia
2491,City_2491,USA
2492,City_2492,Germany
2493,City_2493,Australia
2494,City_2494,Canada
2495,City_2495,UK
2496,City_2496,Canada
2497,City_2497,France
2498,City_2498,Japan
2499,City_2499,USA
2500,City_2500,UK
2501,City_2501,Canada
2502,City_2502,Germany
2503,City_2503,Japan
2504,City_2504,Canada
2505,City_2505,UK
2506,City_2506,UK
2507,City_2507,Canada
2508,City_2508,France
2509,City_2509,Canada
2510,City_2510,USA
2511,City_2511,Germany
2512,City_2512,Japan
2513,City_2513,China
2514,City_2514,Australia
2515,City_2515,China
2516,City_2516,Australia
2517,City_2517,UK
2518,City_2518,Germany
2519,City_2519,Canada
2520,City_2520,Canada
2521,City_2521,Canada
2522,City_2522,France
2523,City_2523,UK
2524,City_2524,Japan
2525,City_2525,UK
2526,City_2526,UK
2527,City_2527,Germany
2528,City_2528,UK
2529,City_2529,Canada
2530,City_2530,Australia
2531,City_2531,UK
2532,City_2532,Germany
2533,City_2533,China
2534,City_2534,China
2535,City_2535,Germany
2536,City_2536,France
2537,City_2537,Canada
2538,City_2538,France
2539,City_2539,UK
2540,City_2540,Canada
2541,City_2541,UK
2542,City_2542,USA
2543,City_2543,China
2544,City_2544,UK
2545,City_2545,Australia
2546,City_2546,USA
2547,City_2547,France
2548,City_2548,Japan
2549,City_2549,Germany
2550,City_2550,USA
2551,City_2551,Japan
2552,City_2552,France
2553,City_2553,USA
2554,City_2554,China
2555,City_2555,France
2556,City_2556,UK
2557,City_2557,Japan
2558,City_2558,Canada
2559,City_2559,France
2560,City_2560,Canada
2561,City_2561,China
2562,City_2562,Japan
2563,City_2563,Canada
2564,City_2564,China
2565,City_2565,Japan
2566,City_2566,France
2567,City_2567,USA
2568,City_2568,Australia
2569,City_2569,UK
2570,City_2570,Canada
2571,City_2571,USA
2572,City_2572,Germany
2573,City_2573,Canada
2574,City_2574,Canada
2575,City_2575,Australia
2576,City_2576,Canada
2577,City_2577,France
2578,City_2578,UK
2579,City_2579,France
2580,City_2580,Canada
2581,City_2581,France
2582,City_2582,USA
2583,City_2583,Germany
2584,City_2584,China
2585,City_2585,Canada
2586,City_2586,Australia
2587,City_2587,China
2588,City_2588,China
2589,City_2589,France
2590,City_2590,France
2591,City_2591,France
2592,City_2592,France
2593,City_2593,China
2594,City_2594,Canada
2595,City_2595,USA
2596,City_2596,Germany
2597,City_2597,Australia
2598,City_2598,UK
2599,City_2599,Canada
2600,City_2600,Canada
2601,City_2601,Canada
2602,City_2602,Canada
2603,City_2603,Canada
2604,City_2604,France
2605,City_2605,UK
2606,City_2606,Australia
2607,City_2607,Canada
2608,City_2608,Canada
2609,City_2609,UK
2610,City_2610,Germany
2611,City_2611,Germany
2612,City_2612,UK
2613,City_2613,Japan
2614,City_2614,Australia
2615,City_2615,Australia
2616,City_2616,Canada
2617,City_2617,China
2618,City_2618,Germany
2619,City_2619,Canada
2620,City_2620,UK
2621,City_2621,China
2622,City_2622,Australia
2623,City_2623,USA
2624,City_2624,France
2625,City_2625,France
2626,City_2626,Germany
2627,City_2627,Germany
2628,City_2628,China
2629,City_2629,Germany
2630,City_2630,Australia
2631,City_2631,USA
2632,City_2632,China
2633,City_2633,Canada
2634,City_2634,France
2635,City_2635,France
2636,City_2636,Germany
2637,City_2637,Canada
2638,City_2638,Australia
2639,City_2639,France
2640,City_2640,Germany
2641,City_2641,Germany
2642,City_2642,Japan
2643,City_2643,UK
2644,City_2644,Australia
2645,City_2645,USA
2646,City_2646,France
2647,City_2647,France
2648,City_2648,Canada
2649,City_2649,USA
2650,City_2650,China
2651,City_2651,Australia
2652,City_2652,USA
2653,City_2653,Germany
2654,City_2654,China
2655,City_2655,Germany
2656,City_2656,USA
2657,City_2657,UK
2658,City_2658,China
2659,City_2659,Canada
2660,City_2660,USA
2661,City_2661,China
2662,City_2662,France
2663,City_2663,Canada
2664,City_2664,Australia
2665,City_2665,Japan
2666,City_2666,France
2667,City_2667,Japan
2668,City_2668,France
2669,City_2669,Japan
2670,City_2670,Japan
2671,City_2671,UK
2672,City_2672,USA
2673,City_2673,Canada
2674,City_2674,UK
2675,City_2675,Canada
2676,City_2676,Japan
2677,City_2677,China
2678,City_2678,France
2679,City_2679,Japan
2680,City_2680,UK
2681,City_2681,Australia
2682,City_2682,Canada
2683,City_2683,UK
2684,City_2684,UK
2685,City_2685,France
2686,City_2686,Australia
2687,City_2687,France
2688,City_2688,France
2689,City_2689,USA
2690,City_2690,USA
2691,City_2691,Australia
2692,City_2692,Canada
2693,City_2693,China
2694,City_2694,Australia
2695,City_2695,Germany
2696,City_2696,China
2697,City_2697,UK
2698,City_2698,Germany
2699,City_2699,Canada
2700,City_2700,France
2701,City_2701,China
2702,City_2702,UK
2703,City_2703,Germany
2704,City_2704,Canada
2705,City_2705,France
2706,City_2706,China
2707,City_2707,China
2708,City_2708,Germany
2709,City_2709,China
2710,City_2710,Canada
2711,City_2711,China
2712,City_2712,China
2713,City_2713,USA
2714,City_2714,USA
2715,City_2715,USA
2716,City_2716,Canada
2717,City_2717,China
2718,City_2718,Australia
2719,City_2719,Germany
2720,City_2720,Australia
2721,City_2721,UK
2722,City_2722,USA
2723,City_2723,Germany
2724,City_2724,Australia
2725,City_2725,USA
2726,City_2726,Germany
2727,City_2727,Canada
2728,City_2728,UK
2729,City_2729,Canada
2730,City_2730,Canada
2731,City_2731,USA
2732,City_2732,Australia
2733,City_2733,Australia
2734,City_2734,UK
2735,City_2735,Australia
2736,City_2736,UK
2737,City_2737,France
2738,City_2738,China
2739,City_2739,UK
2740,City_2740,Australia
2741,City_2741,UK
2742,City_2742,Australia
2743,City_2743,France
2744,City_2744,Canada
2745,City_2745,Australia
2746,City_2746,Australia
2747,City_2747,Australia
2748,City_2748,France
2749,City_2749,Canada
2750,City_2750,Australia
2751,City_2751,Australia
2752,City_2752,France
2753,City_2753,Canada
2754,City_2754,Australia
2755,City_2755,France
2756,City_2756,China
2757,City_2757,Japan
2758,City_2758,Germany
2759,City_2759,USA
2760,City_2760,Canada
2761,City_2761,USA
2762,City_2762,China
2763,City_2763,China
2764,City_2764,France
2765,City_2765,Germany
2766,City_2766,UK
2767,City_2767,UK
2768,City_2768,Germany
2769,City_2769,Canada
2770,City_2770,UK
2771,City_2771,Canada
2772,City_2772,France
2773,City_2773,Japan
2774,City_2774,UK
2775,City_2775,USA
2776,City_2776,Germany
2777,City_2777,Australia
2778,City_2778,USA
2779,City_2779,China
2780,City_2780,USA
2781,City_2781,Germany
2782,City_2782,China
2783,City_2783,France
2784,City_2784,Germany
2785,City_2785,USA
2786,City_2786,Germany
2787,City_2787,China
2788,City_2788,Japan
2789,City_2789,Japan
2790,City_2790,USA
2791,City_2791,Canada
2792,City_2792,Canada
2793,City_2793,Canada
2794,City_2794,France
2795,City_2795,China
2796,City_2796,Japan
2797,City_2797,USA
2798,City_2798,Australia
2799,City_2799,Australia
2800,City_2800,USA
2801,City_2801,Japan
2802,City_2802,Australia
2803,City_2803,UK
2804,City_2804,Germany
2805,City_2805,Germany
2806,City_2806,China
2807,City_2807,Germany
2808,City_2808,Canada
2809,City_2809,USA
2810,City_2810,Canada
2811,City_2811,Canada
2812,City_2812,China
2813,City_2813,Canada
2814,City_2814,Japan
2815,City_2815,Australia
2816,City_2816,Australia
2817,City_2817,China
2818,City_2818,Australia
2819,City_2819,China
2820,City_2820,Canada
2821,City_2821,UK
2822,City_2822,Germany
2823,City_2823,UK
2824,City_2824,UK
2825,City_2825,China
2826,City_2826,USA
2827,City_2827,China
2828,City_2828,UK
2829,City_2829,France
2830,City_2830,Australia
2831,City_2831,Germany
2832,City_2832,France
2833,City_2833,China
2834,City_2834,Germany
2835,City_2835,China
2836,City_2836,Japan
2837,City_2837,UK
2838,City_2838,Australia
2839,City_2839,Australia
2840,City_2840,Canada
2841,City_2841,France
2842,City_2842,Australia
2843,City_2843,China
2844,City_2844,USA
2845,City_2845,France
2846,City_2846,UK
2847,City_2847,UK
2848,City_2848,Japan
2849,City_2849,USA
2850,City_2850,France
2851,City_2851,UK
2852,City_2852,China
2853,City_2853,Canada
2854,City_2854,USA
2855,City_2855,China
2856,City_2856,Canada
2857,City_2857,Germany
2858,City_2858,Australia
2859,City_2859,USA
2860,City_2860,USA
2861,City_2861,France
2862,City_2862,Canada
2863,City_2863,USA
2864,City_2864,Germany
2865,City_2865,Germany
2866,City_2866,France
2867,City_2867,Germany
2868,City_2868,Japan
2869,City_2869,Japan
2870,City_2870,Germany
2871,City_2871,Germany
2872,City_2872,Germany
2873,City_2873,China
2874,City_2874,Australia
2875,City_2875,USA
2876,City_2876,China
2877,City_2877,USA
2878,City_2878,France
2879,City_2879,China
2880,City_2880,Germany
2881,City_2881,USA
2882,City_2882,USA
2883,City_2883,UK
2884,City_2884,USA
2885,City_2885,Japan
2886,City_2886,Japan
2887,City_2887,USA
2888,City_2888,UK
2889,City_2889,Canada
2890,City_2890,Germany
2891,City_2891,China
2892,City_2892,Canada
2893,City_2893,USA
2894,City_2894,China
2895,City_2895,Japan
2896,City_2896,Canada
2897,City_2897,Canada
2898,City_2898,USA
2899,City_2899,Australia
2900,City_2900,China
2901,City_2901,Germany
2902,City_2902,Japan
2903,City_2903,USA
2904,City_2904,China
2905,City_2905,Germany
2906,City_2906,China
2907,City_2907,Germany
2908,City_2908,China
2909,City_2909,Germany
2910,City_2910,Germany
2911,City_2911,UK
2912,City_2912,Germany
2913,City_2913,France
2914,City_2914,China
2915,City_2915,France
2916,City_2916,USA
2917,City_2917,China
2918,City_2918,China
2919,City_2919,Germany
2920,City_2920,UK
2921,City_2921,Germany
2922,City_2922,Canada
2923,City_2923,Canada
2924,City_2924,China
2925,City_2925,France
2926,City_2926,France
2927,City_2927,Canada
2928,City_2928,Canada
2929,City_2929,Germany
2930,City_2930,Canada
2931,City_2931,China
2932,City_2932,China
2933,City_2933,China
2934,City_2934,USA
2935,City_2935,Germany
2936,City_2936,China
2937,City_2937,China
2938,City_2938,Australia
2939,City_2939,Australia
2940,City_2940,Japan
2941,City_2941,China
2942,City_2942,USA
2943,City_2943,Japan
2944,City_2944,UK
2945,City_2945,Germany
2946,City_2946,USA
2947,City_2947,France
2948,City_2948,France
2949,City_2949,UK
2950,City_2950,Japan
2951,City_2951,USA
2952,City_2952,USA
2953,City_2953,UK
2954,City_2954,Australia
2955,City_2955,China
2956,City_2956,France
2957,City_2957,Japan
2958,City_2958,China
2959,City_2959,UK
2960,City_2960,Japan
2961,City_2961,UK
2962,City_2962,France
2963,City_2963,France
2964,City_2964,Canada
2965,City_2965,China
2966,City_2966,Japan
2967,City_2967,France
2968,City_2968,Germany
2969,City_2969,Germany
2970,City_2970,Japan
2971,City_2971,China
2972,City_2972,China
2973,City_2973,UK
2974,City_2974,UK
2975,City_2975,China
2976,City_2976,Canada
2977,City_2977,Germany
2978,City_2978,Germany
2979,City_2979,China
2980,City_2980,Germany
2981,City_2981,UK
2982,City_2982,China
2983,City_2983,China
2984,City_2984,Germany
2985,City_2985,Germany
2986,City_2986,France
2987,City_2987,USA
2988,City_2988,USA
2989,City_2989,Japan
2990,City_2990,Canada
2991,City_2991,France
2992,City_2992,Germany
2993,City_2993,China
2994,City_2994,Canada
2995,City_2995,Australia
2996,City_2996,UK
2997,City_2997,UK
2998,City_2998,Germany
2999,City_2999,USA
3000,City_3000,France
